[
	{
		"json_featuretype" : "gp_policja2_point",
		"FID" : 0,
		"ID" : 1,
		"KOD_POCZTO" : "25-716",
		"NAZWA" : "Komenda Miejska Policji - II Komisariat",
		"NR_BUDYNKU" : "4",
		"TELEFON" : "41 349-31-60, 997",
		"ULICA" : "KO 34TAJA",
		"WWW" : "http://www.kielce.swietokrzyska.policja.gov.pl",
		"json_ogc_wkt_crs" : "PROJCS[\"ETRS89 / Poland CS2000 zone 7\",GEOGCS[\"unnamed\",DATUM[\"unnamed\",SPHEROID[\"GRS 1980\",6378137,298.2572221010002]],PRIMEM[\"Greenwich\",0],UNIT[\"degree\",0.0174532925199433]],PROJECTION[\"Transverse_Mercator\"],PARAMETER[\"latitude_of_origin\",0],PARAMETER[\"central_meridian\",21],PARAMETER[\"scale_factor\",0.999923],PARAMETER[\"false_easting\",7500000],PARAMETER[\"false_northing\",0],UNIT[\"METER\",1]]",
		"json_geometry" : {
			"type" : "Point",
			"coordinates" : [ 7471560.66, 5636582.65 ]
		}
	},
	{
		"json_featuretype" : "gp_policja2_point",
		"FID" : 1,
		"ID" : 2,
		"KOD_POCZTO" : "25-435",
		"NAZWA" : "Komenda Miejska Policji - I Komisariat",
		"NR_BUDYNKU" : "51B",
		"TELEFON" : "41 349-31-10, 997",
		"ULICA" : "ORZESZKOWEJ",
		"WWW" : "http://www.kielce.swietokrzyska.policja.gov.pl",
		"json_ogc_wkt_crs" : "PROJCS[\"ETRS89 / Poland CS2000 zone 7\",GEOGCS[\"unnamed\",DATUM[\"unnamed\",SPHEROID[\"GRS 1980\",6378137,298.2572221010002]],PRIMEM[\"Greenwich\",0],UNIT[\"degree\",0.0174532925199433]],PROJECTION[\"Transverse_Mercator\"],PARAMETER[\"latitude_of_origin\",0],PARAMETER[\"central_meridian\",21],PARAMETER[\"scale_factor\",0.999923],PARAMETER[\"false_easting\",7500000],PARAMETER[\"false_northing\",0],UNIT[\"METER\",1]]",
		"json_geometry" : {
			"type" : "Point",
			"coordinates" : [ 7475813.97, 5639089.05 ]
		}
	},
	{
		"json_featuretype" : "gp_policja2_point",
		"FID" : 2,
		"ID" : 3,
		"KOD_POCZTO" : "25-017",
		"NAZWA" : "Komenda Miejska Policji - III Komisariat",
		"NR_BUDYNKU" : "13",
		"TELEFON" : "41 349-32-01, 997",
		"ULICA" : "PADEREWSKIEGO",
		"WWW" : "http://www.kielce.swietokrzyska.policja.gov.pl",
		"json_ogc_wkt_crs" : "PROJCS[\"ETRS89 / Poland CS2000 zone 7\",GEOGCS[\"unnamed\",DATUM[\"unnamed\",SPHEROID[\"GRS 1980\",6378137,298.2572221010002]],PRIMEM[\"Greenwich\",0],UNIT[\"degree\",0.0174532925199433]],PROJECTION[\"Transverse_Mercator\"],PARAMETER[\"latitude_of_origin\",0],PARAMETER[\"central_meridian\",21],PARAMETER[\"scale_factor\",0.999923],PARAMETER[\"false_easting\",7500000],PARAMETER[\"false_northing\",0],UNIT[\"METER\",1]]",
		"json_geometry" : {
			"type" : "Point",
			"coordinates" : [ 7473407.88, 5637284.57 ]
		}
	},
	{
		"json_featuretype" : "gp_policja2_point",
		"FID" : 3,
		"ID" : 4,
		"KOD_POCZTO" : "25-372",
		"NAZWA" : "Policja - Komenda Wojewodzka",
		"NR_BUDYNKU" : "12",
		"TELEFON" : "41 349-22-22, 997",
		"ULICA" : "SEMINARYJSKA",
		"WWW" : "http://www.swietokrzyska.policja.gov.pl",
		"json_ogc_wkt_crs" : "PROJCS[\"ETRS89 / Poland CS2000 zone 7\",GEOGCS[\"unnamed\",DATUM[\"unnamed\",SPHEROID[\"GRS 1980\",6378137,298.2572221010002]],PRIMEM[\"Greenwich\",0],UNIT[\"degree\",0.0174532925199433]],PROJECTION[\"Transverse_Mercator\"],PARAMETER[\"latitude_of_origin\",0],PARAMETER[\"central_meridian\",21],PARAMETER[\"scale_factor\",0.999923],PARAMETER[\"false_easting\",7500000],PARAMETER[\"false_northing\",0],UNIT[\"METER\",1]]",
		"json_geometry" : {
			"type" : "Point",
			"coordinates" : [ 7474251.7, 5636749.54 ]
		}
	},
	{
		"json_featuretype" : "gp_policja2_point",
		"FID" : 4,
		"ID" : 5,
		"KOD_POCZTO" : "25-366",
		"NAZWA" : "Komenda Miejska Policji - IV Komisariat",
		"NR_BUDYNKU" : "14",
		"TELEFON" : "41 349-32-51, 997",
		"ULICA" : "4NIADECKICH",
		"WWW" : "http://www.kielce.swietokrzyska.policja.gov.pl",
		"json_ogc_wkt_crs" : "PROJCS[\"ETRS89 / Poland CS2000 zone 7\",GEOGCS[\"unnamed\",DATUM[\"unnamed\",SPHEROID[\"GRS 1980\",6378137,298.2572221010002]],PRIMEM[\"Greenwich\",0],UNIT[\"degree\",0.0174532925199433]],PROJECTION[\"Transverse_Mercator\"],PARAMETER[\"latitude_of_origin\",0],PARAMETER[\"central_meridian\",21],PARAMETER[\"scale_factor\",0.999923],PARAMETER[\"false_easting\",7500000],PARAMETER[\"false_northing\",0],UNIT[\"METER\",1]]",
		"json_geometry" : {
			"type" : "Point",
			"coordinates" : [ 7474173.02, 5636687.63 ]
		}
	},
	{
		"json_featuretype" : "gp_policja2_point",
		"FID" : 5,
		"ID" : 6,
		"KOD_POCZTO" : "25-363",
		"NAZWA" : "Policja - Komenda Miejska",
		"NR_BUDYNKU" : "43",
		"TELEFON" : "41 349-30-01, 997",
		"ULICA" : "WESO4A",
		"WWW" : "http://www.kielce.swietokrzyska.policja.gov.pl",
		"json_ogc_wkt_crs" : "PROJCS[\"ETRS89 / Poland CS2000 zone 7\",GEOGCS[\"unnamed\",DATUM[\"unnamed\",SPHEROID[\"GRS 1980\",6378137,298.2572221010002]],PRIMEM[\"Greenwich\",0],UNIT[\"degree\",0.0174532925199433]],PROJECTION[\"Transverse_Mercator\"],PARAMETER[\"latitude_of_origin\",0],PARAMETER[\"central_meridian\",21],PARAMETER[\"scale_factor\",0.999923],PARAMETER[\"false_easting\",7500000],PARAMETER[\"false_northing\",0],UNIT[\"METER\",1]]",
		"json_geometry" : {
			"type" : "Point",
			"coordinates" : [ 7474036.77, 5636938.75 ]
		}
	}
]