[
  {
    "_id": "Bilcza",
    "avgPM10": 9.088240740740742,
    "avgPM25": 7.004592592592592,
    "currentPM10": 9.813333333333333,
    "currentPM25": 7.587555555555555,
    "sensor": {
      "_id": "5aa5909d08c3105140583bf9",
      "name": "Bilcza",
      "lat": 50.788667,
      "lng": 20.617743,
      "sensorType": 2,
      "__v": 0
    },
    "time": "2018-06-15T17:25:00.312Z",
    "currentPM10Index": 1,
    "currentPM25Index": 1,
    "avgPM10Index": 1,
    "avgPM25Index": 1,
    "index": 1
  },
  {
    "_id": "Czachowskiego",
    "avgPM10": 10.980370370370371,
    "avgPM25": 8.469037037037038,
    "currentPM10": 11.11111111111111,
    "currentPM25": 8.504888888888889,
    "sensor": {
      "_id": "5aa5909c08c3105140583bf6",
      "name": "Czachowskiego",
      "lat": 50.851662999999995,
      "lng": 20.627541,
      "sensorType": 2,
      "__v": 0
    },
    "time": "2018-06-15T17:25:00.313Z",
    "currentPM10Index": 1,
    "currentPM25Index": 1,
    "avgPM10Index": 1,
    "avgPM25Index": 1,
    "index": 1
  },
  {
    "_id": "Osiedle Ślichowice",
    "avgPM10": 8.76923076923077,
    "avgPM25": 8.384615384615385,
    "currentPM10": 8,
    "currentPM25": 8,
    "sensor": {
      "_id": "5aa5909e08c3105140583c02",
      "name": "Osiedle Ślichowice",
      "lat": 50.883183,
      "lng": 20.583243,
      "sensorType": 1,
      "__v": 0
    },
    "time": "2018-06-15T17:27:11.000Z",
    "currentPM10Index": 1,
    "currentPM25Index": 1,
    "avgPM10Index": 1,
    "avgPM25Index": 1,
    "index": 1
  },
  {
    "_id": "Wiśniówka",
    "avgPM10": 14.23076923076923,
    "avgPM25": 13.384615384615385,
    "currentPM10": 15,
    "currentPM25": 15,
    "sensor": {
      "_id": "5aa5909e08c3105140583c04",
      "name": "Wiśniówka",
      "lat": 50.933114,
      "lng": 20.676974,
      "sensorType": 1,
      "__v": 0
    },
    "time": "2018-06-15T17:26:55.000Z",
    "currentPM10Index": 1,
    "currentPM25Index": 2,
    "avgPM10Index": 1,
    "avgPM25Index": 2,
    "index": 1
  },
  {
    "_id": "Św Leonarda",
    "avgPM10": 12.038016528925619,
    "avgPM25": 9.159246280991736,
    "currentPM10": 13.296000000000003,
    "currentPM25": 9.8816,
    "sensor": {
      "_id": "5aa5909c08c3105140583bf7",
      "name": "Św Leonarda",
      "lat": 50.869189,
      "lng": 20.63524,
      "sensorType": 2,
      "__v": 0
    },
    "time": "2018-06-15T17:25:00.345Z",
    "currentPM10Index": 1,
    "currentPM25Index": 1,
    "avgPM10Index": 1,
    "avgPM25Index": 1,
    "index": 1
  },
  {
    "_id": "Kielce - Białogon",
    "avgPM10": 16,
    "avgPM25": 15.538461538461538,
    "currentPM10": 9,
    "currentPM25": 8,
    "sensor": {
      "_id": "5aa5909e08c3105140583bfd",
      "name": "Kielce - Białogon",
      "lat": 50.853148,
      "lng": 20.558461,
      "sensorType": 1,
      "__v": 0
    },
    "time": "2018-06-15T17:26:33.000Z",
    "currentPM10Index": 1,
    "currentPM25Index": 1,
    "avgPM10Index": 1,
    "avgPM25Index": 2,
    "index": 1
  },
  {
    "_id": "Osiedle na Stoku",
    "avgPM10": 8.461538461538462,
    "avgPM25": 8,
    "currentPM10": 10,
    "currentPM25": 9,
    "sensor": {
      "_id": "5aa5909e08c3105140583c01",
      "name": "Osiedle na Stoku",
      "lat": 50.894167,
      "lng": 20.673472,
      "sensorType": 1,
      "__v": 0
    },
    "time": "2018-06-15T17:27:00.000Z",
    "currentPM10Index": 1,
    "currentPM25Index": 1,
    "avgPM10Index": 1,
    "avgPM25Index": 1,
    "index": 1
  },
  {
    "_id": "Morawica",
    "avgPM10": 11.298166666666667,
    "avgPM25": 8.43885925925926,
    "currentPM10": 11.03111111111111,
    "currentPM25": 8.284444444444444,
    "sensor": {
      "_id": "5aa5909d08c3105140583bf8",
      "name": "Morawica",
      "lat": 50.74842,
      "lng": 20.622735,
      "sensorType": 2,
      "__v": 0
    },
    "time": "2018-06-15T17:25:00.331Z",
    "currentPM10Index": 1,
    "currentPM25Index": 1,
    "avgPM10Index": 1,
    "avgPM25Index": 1,
    "index": 1
  },
  {
    "_id": "Osiedle Górny KSM",
    "avgPM10": 9.538461538461538,
    "avgPM25": 9,
    "currentPM10": 10,
    "currentPM25": 9,
    "sensor": {
      "_id": "5aa5909e08c3105140583c00",
      "name": "Osiedle Górny KSM",
      "lat": 50.868097,
      "lng": 20.653811,
      "sensorType": 1,
      "__v": 0
    },
    "time": "2018-06-15T17:26:39.000Z",
    "currentPM10Index": 1,
    "currentPM25Index": 1,
    "avgPM10Index": 1,
    "avgPM25Index": 1,
    "index": 1
  }
]