[
	{
		"json_featuretype" : "gp_wc_point",
		"FID" : 0,
		"POLOZENIE" : "Weso",
		"INWALIDA" : "TAK",
		"OPLATA" : "Bezp",
		"I_IV_X_XII" : "godz. 8.00 - godz. 21.00",
		"V_IX" : "godz. 8.00 - godz. 21.00",
		"KABINY" : 1,
		"json_ogc_wkt_crs" : "PROJCS[\"ETRS89 / Poland CS2000 zone 7\",GEOGCS[\"unnamed\",DATUM[\"unnamed\",SPHEROID[\"GRS 1980\",6378137,298.2572221010002]],PRIMEM[\"Greenwich\",0],UNIT[\"degree\",0.0174532925199433]],PROJECTION[\"Transverse_Mercator\"],PARAMETER[\"latitude_of_origin\",0],PARAMETER[\"central_meridian\",21],PARAMETER[\"scale_factor\",0.999923],PARAMETER[\"false_easting\",7500000],PARAMETER[\"false_northing\",0],UNIT[\"METER\",1]]",
		"json_geometry" : {
			"type" : "Point",
			"coordinates" : [ 7474045.7, 5637065.94 ]
		}
	},
	{
		"json_featuretype" : "gp_wc_point",
		"FID" : 1,
		"POLOZENIE" : "Plac  w. Tekli przy Rynku",
		"INWALIDA" : "TAK",
		"OPLATA" : "Bezp atne",
		"I_IV_X_XII" : "godz. 8.00 - godz. 20.00",
		"V_IX" : "godz. 8.00 - godz. 23.00",
		"KABINY" : 2,
		"json_ogc_wkt_crs" : "PROJCS[\"ETRS89 / Poland CS2000 zone 7\",GEOGCS[\"unnamed\",DATUM[\"unnamed\",SPHEROID[\"GRS 1980\",6378137,298.2572221010002]],PRIMEM[\"Greenwich\",0],UNIT[\"degree\",0.0174532925199433]],PROJECTION[\"Transverse_Mercator\"],PARAMETER[\"latitude_of_origin\",0],PARAMETER[\"central_meridian\",21],PARAMETER[\"scale_factor\",0.999923],PARAMETER[\"false_easting\",7500000],PARAMETER[\"false_northing\",0],UNIT[\"METER\",1]]",
		"json_geometry" : {
			"type" : "Point",
			"coordinates" : [ 7474139.92, 5637497.04 ]
		}
	},
	{
		"json_featuretype" : "gp_wc_point",
		"FID" : 2,
		"POLOZENIE" : "Okrzei/Al. IX Wiek w Kielc",
		"INWALIDA" : "TAK",
		"OPLATA" : "Bezpeatne",
		"I_IV_X_XII" : "godz. 8.00 - godz. 21.00",
		"V_IX" : "godz. 8.00 - godz. 21.00",
		"KABINY" : 1,
		"json_ogc_wkt_crs" : "PROJCS[\"ETRS89 / Poland CS2000 zone 7\",GEOGCS[\"unnamed\",DATUM[\"unnamed\",SPHEROID[\"GRS 1980\",6378137,298.2572221010002]],PRIMEM[\"Greenwich\",0],UNIT[\"degree\",0.0174532925199433]],PROJECTION[\"Transverse_Mercator\"],PARAMETER[\"latitude_of_origin\",0],PARAMETER[\"central_meridian\",21],PARAMETER[\"scale_factor\",0.999923],PARAMETER[\"false_easting\",7500000],PARAMETER[\"false_northing\",0],UNIT[\"METER\",1]]",
		"json_geometry" : {
			"type" : "Point",
			"coordinates" : [ 7473747.94, 5637883.52 ]
		}
	},
	{
		"json_featuretype" : "gp_wc_point",
		"FID" : 3,
		"POLOZENIE" : "Park Miejski przy budynku \"Praczki\"",
		"INWALIDA" : "TAK",
		"OPLATA" : "Bezp atne",
		"I_IV_X_XII" : "godz. 9.00 - godz. 20.00",
		"V_IX" : "godz. 8.00 - godz. 23.00",
		"KABINY" : 7,
		"json_ogc_wkt_crs" : "PROJCS[\"ETRS89 / Poland CS2000 zone 7\",GEOGCS[\"unnamed\",DATUM[\"unnamed\",SPHEROID[\"GRS 1980\",6378137,298.2572221010002]],PRIMEM[\"Greenwich\",0],UNIT[\"degree\",0.0174532925199433]],PROJECTION[\"Transverse_Mercator\"],PARAMETER[\"latitude_of_origin\",0],PARAMETER[\"central_meridian\",21],PARAMETER[\"scale_factor\",0.999923],PARAMETER[\"false_easting\",7500000],PARAMETER[\"false_northing\",0],UNIT[\"METER\",1]]",
		"json_geometry" : {
			"type" : "Point",
			"coordinates" : [ 7473646.42, 5637122.25 ]
		}
	},
	{
		"json_featuretype" : "gp_wc_point",
		"FID" : 4,
		"POLOZENIE" : "Sienkiewicza 10/12c przy placu obok \"Czterech p?r roku\"",
		"INWALIDA" : "NIE",
		"OPLATA" : "Bezpkatne",
		"I_IV_X_XII" : "godz. 8.00 - godz. 21.00",
		"V_IX" : "godz. 8.00 - godz. 23.00",
		"KABINY" : 5,
		"json_ogc_wkt_crs" : "PROJCS[\"ETRS89 / Poland CS2000 zone 7\",GEOGCS[\"unnamed\",DATUM[\"unnamed\",SPHEROID[\"GRS 1980\",6378137,298.2572221010002]],PRIMEM[\"Greenwich\",0],UNIT[\"degree\",0.0174532925199433]],PROJECTION[\"Transverse_Mercator\"],PARAMETER[\"latitude_of_origin\",0],PARAMETER[\"central_meridian\",21],PARAMETER[\"scale_factor\",0.999923],PARAMETER[\"false_easting\",7500000],PARAMETER[\"false_northing\",0],UNIT[\"METER\",1]]",
		"json_geometry" : {
			"type" : "Point",
			"coordinates" : [ 7474164.93, 5637232.79 ]
		}
	},
	{
		"json_featuretype" : "gp_wc_point",
		"FID" : 5,
		"POLOZENIE" : "Wojska Polskiego",
		"INWALIDA" : "TAK",
		"OPLATA" : "Bezpkatne",
		"I_IV_X_XII" : "godz. 8.00 - godz. 21.00",
		"V_IX" : "godz. 8.00 - godz. 21.00",
		"KABINY" : 1,
		"json_ogc_wkt_crs" : "PROJCS[\"ETRS89 / Poland CS2000 zone 7\",GEOGCS[\"unnamed\",DATUM[\"unnamed\",SPHEROID[\"GRS 1980\",6378137,298.2572221010002]],PRIMEM[\"Greenwich\",0],UNIT[\"degree\",0.0174532925199433]],PROJECTION[\"Transverse_Mercator\"],PARAMETER[\"latitude_of_origin\",0],PARAMETER[\"central_meridian\",21],PARAMETER[\"scale_factor\",0.999923],PARAMETER[\"false_easting\",7500000],PARAMETER[\"false_northing\",0],UNIT[\"METER\",1]]",
		"json_geometry" : {
			"type" : "Point",
			"coordinates" : [ 7473902.92, 5636782.53 ]
		}
	},
	{
		"json_featuretype" : "gp_wc_point",
		"FID" : 6,
		"POLOZENIE" : "Skwer im. Szarych Szereg",
		"INWALIDA" : "TAK",
		"OPLATA" : "Bezpratne",
		"I_IV_X_XII" : "godz. 9.00 - godz. 20.00",
		"V_IX" : "godz. 9.00 - godz. 21.30",
		"KABINY" : 1,
		"json_ogc_wkt_crs" : "PROJCS[\"ETRS89 / Poland CS2000 zone 7\",GEOGCS[\"unnamed\",DATUM[\"unnamed\",SPHEROID[\"GRS 1980\",6378137,298.2572221010002]],PRIMEM[\"Greenwich\",0],UNIT[\"degree\",0.0174532925199433]],PROJECTION[\"Transverse_Mercator\"],PARAMETER[\"latitude_of_origin\",0],PARAMETER[\"central_meridian\",21],PARAMETER[\"scale_factor\",0.999923],PARAMETER[\"false_easting\",7500000],PARAMETER[\"false_northing\",0],UNIT[\"METER\",1]]",
		"json_geometry" : {
			"type" : "Point",
			"coordinates" : [ 7473364.38, 5636756.74 ]
		}
	},
	{
		"json_featuretype" : "gp_wc_point",
		"FID" : 7,
		"POLOZENIE" : "Karcz wkowska przy stacji CPN",
		"INWALIDA" : "NIE",
		"OPLATA" : "Bezpzatne",
		"I_IV_X_XII" : "godz. 8.00 - godz. 21.00",
		"V_IX" : "godz. 8.00 - godz. 21.00",
		"KABINY" : 8,
		"json_ogc_wkt_crs" : "PROJCS[\"ETRS89 / Poland CS2000 zone 7\",GEOGCS[\"unnamed\",DATUM[\"unnamed\",SPHEROID[\"GRS 1980\",6378137,298.2572221010002]],PRIMEM[\"Greenwich\",0],UNIT[\"degree\",0.0174532925199433]],PROJECTION[\"Transverse_Mercator\"],PARAMETER[\"latitude_of_origin\",0],PARAMETER[\"central_meridian\",21],PARAMETER[\"scale_factor\",0.999923],PARAMETER[\"false_easting\",7500000],PARAMETER[\"false_northing\",0],UNIT[\"METER\",1]]",
		"json_geometry" : {
			"type" : "Point",
			"coordinates" : [ 7473219.58, 5637071.83 ]
		}
	},
	{
		"json_featuretype" : "gp_wc_point",
		"FID" : 8,
		"POLOZENIE" : "gciegiennego - parking przy pomniku Homo Homini",
		"INWALIDA" : "TAK",
		"OPLATA" : "Bezpgatne",
		"I_IV_X_XII" : "godz. 9.00 - godz. 20.00",
		"V_IX" : "godz. 9.00 - godz. 20.00",
		"KABINY" : 1,
		"json_ogc_wkt_crs" : "PROJCS[\"ETRS89 / Poland CS2000 zone 7\",GEOGCS[\"unnamed\",DATUM[\"unnamed\",SPHEROID[\"GRS 1980\",6378137,298.2572221010002]],PRIMEM[\"Greenwich\",0],UNIT[\"degree\",0.0174532925199433]],PROJECTION[\"Transverse_Mercator\"],PARAMETER[\"latitude_of_origin\",0],PARAMETER[\"central_meridian\",21],PARAMETER[\"scale_factor\",0.999923],PARAMETER[\"false_easting\",7500000],PARAMETER[\"false_northing\",0],UNIT[\"METER\",1]]",
		"json_geometry" : {
			"type" : "Point",
			"coordinates" : [ 7473607.26, 5635792.82 ]
		}
	},
	{
		"json_featuretype" : "gp_wc_point",
		"FID" : 9,
		"POLOZENIE" : "Sandomierska przy przystanku PKS, MZK",
		"INWALIDA" : "TAK",
		"OPLATA" : "Bezpoatne",
		"I_IV_X_XII" : "godz. 8.00 - godz. 21.00",
		"V_IX" : "godz. 8.00 - godz. 21.00",
		"KABINY" : 9,
		"json_ogc_wkt_crs" : "PROJCS[\"ETRS89 / Poland CS2000 zone 7\",GEOGCS[\"unnamed\",DATUM[\"unnamed\",SPHEROID[\"GRS 1980\",6378137,298.2572221010002]],PRIMEM[\"Greenwich\",0],UNIT[\"degree\",0.0174532925199433]],PROJECTION[\"Transverse_Mercator\"],PARAMETER[\"latitude_of_origin\",0],PARAMETER[\"central_meridian\",21],PARAMETER[\"scale_factor\",0.999923],PARAMETER[\"false_easting\",7500000],PARAMETER[\"false_northing\",0],UNIT[\"METER\",1]]",
		"json_geometry" : {
			"type" : "Point",
			"coordinates" : [ 7474822.75, 5637335.13 ]
		}
	},
	{
		"json_featuretype" : "gp_wc_point",
		"FID" : 10,
		"POLOZENIE" : "Krakowska przy parkingu",
		"INWALIDA" : "TAK",
		"OPLATA" : "Bezpoatne",
		"I_IV_X_XII" : " ",
		"V_IX" : " ",
		"KABINY" : 2,
		"json_ogc_wkt_crs" : "PROJCS[\"ETRS89 / Poland CS2000 zone 7\",GEOGCS[\"unnamed\",DATUM[\"unnamed\",SPHEROID[\"GRS 1980\",6378137,298.2572221010002]],PRIMEM[\"Greenwich\",0],UNIT[\"degree\",0.0174532925199433]],PROJECTION[\"Transverse_Mercator\"],PARAMETER[\"latitude_of_origin\",0],PARAMETER[\"central_meridian\",21],PARAMETER[\"scale_factor\",0.999923],PARAMETER[\"false_easting\",7500000],PARAMETER[\"false_northing\",0],UNIT[\"METER\",1]]",
		"json_geometry" : {
			"type" : "Point",
			"coordinates" : [ 7473040.57, 5636505.57 ]
		}
	},
	{
		"json_featuretype" : "gp_wc_point",
		"FID" : 11,
		"POLOZENIE" : "Podklasztorna",
		"INWALIDA" : " ",
		"OPLATA" : " ",
		"I_IV_X_XII" : " ",
		"V_IX" : " ",
		"KABINY" : 0,
		"json_ogc_wkt_crs" : "PROJCS[\"ETRS89 / Poland CS2000 zone 7\",GEOGCS[\"unnamed\",DATUM[\"unnamed\",SPHEROID[\"GRS 1980\",6378137,298.2572221010002]],PRIMEM[\"Greenwich\",0],UNIT[\"degree\",0.0174532925199433]],PROJECTION[\"Transverse_Mercator\"],PARAMETER[\"latitude_of_origin\",0],PARAMETER[\"central_meridian\",21],PARAMETER[\"scale_factor\",0.999923],PARAMETER[\"false_easting\",7500000],PARAMETER[\"false_northing\",0],UNIT[\"METER\",1]]",
		"json_geometry" : {
			"type" : "Point",
			"coordinates" : [ 7471355.56, 5637054.39 ]
		}
	}
]