[
	{
		"json_featuretype" : "gp_urzedy2_point",
		"FID" : 0,
		"NAZWA" : "STAROSTWO POWIATOWE W KIELCACH",
		"ULICA" : "WRZOSOWA",
		"NR_BUDYNKU" : "44",
		"KOD_POCZTO" : "25-211",
		"TELEFON" : "41 200-12-00",
		"WWW" : "http://www.powiat.kielce.pl",
		"json_ogc_wkt_crs" : "PROJCS[\"ETRS89 / Poland CS2000 zone 7\",GEOGCS[\"unnamed\",DATUM[\"unnamed\",SPHEROID[\"GRS 1980\",6378137,298.2572221010002]],PRIMEM[\"Greenwich\",0],UNIT[\"degree\",0.0174532925199433]],PROJECTION[\"Transverse_Mercator\"],PARAMETER[\"latitude_of_origin\",0],PARAMETER[\"central_meridian\",21],PARAMETER[\"scale_factor\",0.999923],PARAMETER[\"false_easting\",7500000],PARAMETER[\"false_northing\",0],UNIT[\"METER\",1]]",
		"json_geometry" : {
			"type" : "Point",
			"coordinates" : [ 7474184.59, 5634511.61 ]
		}
	},
	{
		"json_featuretype" : "gp_urzedy2_point",
		"FID" : 1,
		"NAZWA" : "hWIpTOKRZYSKI URZ.D WOJEWpDZKI",
		"ULICA" : "IX WIEKRW KIELC",
		"NR_BUDYNKU" : "3",
		"KOD_POCZTO" : "25-516",
		"TELEFON" : "41 342-12-22",
		"WWW" : "http://www.kielce.uw.gov.pl",
		"json_ogc_wkt_crs" : "PROJCS[\"ETRS89 / Poland CS2000 zone 7\",GEOGCS[\"unnamed\",DATUM[\"unnamed\",SPHEROID[\"GRS 1980\",6378137,298.2572221010002]],PRIMEM[\"Greenwich\",0],UNIT[\"degree\",0.0174532925199433]],PROJECTION[\"Transverse_Mercator\"],PARAMETER[\"latitude_of_origin\",0],PARAMETER[\"central_meridian\",21],PARAMETER[\"scale_factor\",0.999923],PARAMETER[\"false_easting\",7500000],PARAMETER[\"false_northing\",0],UNIT[\"METER\",1]]",
		"json_geometry" : {
			"type" : "Point",
			"coordinates" : [ 7474015.66, 5637895.88 ]
		}
	},
	{
		"json_featuretype" : "gp_urzedy2_point",
		"FID" : 2,
		"NAZWA" : "URZpD MARSZAiKOWSKI WOJEWpDZTWA ",
		"ULICA" : "IX WIEKAW KIELC",
		"NR_BUDYNKU" : "3",
		"KOD_POCZTO" : "25-516",
		"TELEFON" : "41 342-18-78",
		"WWW" : "http://www.sejmik.kielce.pl",
		"json_ogc_wkt_crs" : "PROJCS[\"ETRS89 / Poland CS2000 zone 7\",GEOGCS[\"unnamed\",DATUM[\"unnamed\",SPHEROID[\"GRS 1980\",6378137,298.2572221010002]],PRIMEM[\"Greenwich\",0],UNIT[\"degree\",0.0174532925199433]],PROJECTION[\"Transverse_Mercator\"],PARAMETER[\"latitude_of_origin\",0],PARAMETER[\"central_meridian\",21],PARAMETER[\"scale_factor\",0.999923],PARAMETER[\"false_easting\",7500000],PARAMETER[\"false_northing\",0],UNIT[\"METER\",1]]",
		"json_geometry" : {
			"type" : "Point",
			"coordinates" : [ 7474029.93, 5637892.18 ]
		}
	},
	{
		"json_featuretype" : "gp_urzedy2_point",
		"FID" : 3,
		"NAZWA" : "URZpD STATYSTYCZNY W KIELCACH",
		"ULICA" : "WRZBLEWSKIEGO",
		"NR_BUDYNKU" : "2",
		"KOD_POCZTO" : "25-369",
		"TELEFON" : "41 361-15-42 w 100",
		"WWW" : "http://www.stat.gov.pl/kielce",
		"json_ogc_wkt_crs" : "PROJCS[\"ETRS89 / Poland CS2000 zone 7\",GEOGCS[\"unnamed\",DATUM[\"unnamed\",SPHEROID[\"GRS 1980\",6378137,298.2572221010002]],PRIMEM[\"Greenwich\",0],UNIT[\"degree\",0.0174532925199433]],PROJECTION[\"Transverse_Mercator\"],PARAMETER[\"latitude_of_origin\",0],PARAMETER[\"central_meridian\",21],PARAMETER[\"scale_factor\",0.999923],PARAMETER[\"false_easting\",7500000],PARAMETER[\"false_northing\",0],UNIT[\"METER\",1]]",
		"json_geometry" : {
			"type" : "Point",
			"coordinates" : [ 7474461.03, 5636759.37 ]
		}
	},
	{
		"json_featuretype" : "gp_urzedy2_point",
		"FID" : 4,
		"NAZWA" : "URZpD MIASTA KIELCE",
		"ULICA" : "RYNEK",
		"NR_BUDYNKU" : "1",
		"KOD_POCZTO" : "25-303",
		"TELEFON" : "41 36 76 000",
		"WWW" : "http://www.um.kielce.pl",
		"json_ogc_wkt_crs" : "PROJCS[\"ETRS89 / Poland CS2000 zone 7\",GEOGCS[\"unnamed\",DATUM[\"unnamed\",SPHEROID[\"GRS 1980\",6378137,298.2572221010002]],PRIMEM[\"Greenwich\",0],UNIT[\"degree\",0.0174532925199433]],PROJECTION[\"Transverse_Mercator\"],PARAMETER[\"latitude_of_origin\",0],PARAMETER[\"central_meridian\",21],PARAMETER[\"scale_factor\",0.999923],PARAMETER[\"false_easting\",7500000],PARAMETER[\"false_northing\",0],UNIT[\"METER\",1]]",
		"json_geometry" : {
			"type" : "Point",
			"coordinates" : [ 7474011.48, 5637460.58 ]
		}
	},
	{
		"json_featuretype" : "gp_urzedy2_point",
		"FID" : 5,
		"NAZWA" : "URZpD MIASTA KIELCE",
		"ULICA" : "STRYCHARSKA",
		"NR_BUDYNKU" : "6",
		"KOD_POCZTO" : "25-659",
		"TELEFON" : "41 36 76 000",
		"WWW" : "http://www.um.kielce.pl",
		"json_ogc_wkt_crs" : "PROJCS[\"ETRS89 / Poland CS2000 zone 7\",GEOGCS[\"unnamed\",DATUM[\"unnamed\",SPHEROID[\"GRS 1980\",6378137,298.2572221010002]],PRIMEM[\"Greenwich\",0],UNIT[\"degree\",0.0174532925199433]],PROJECTION[\"Transverse_Mercator\"],PARAMETER[\"latitude_of_origin\",0],PARAMETER[\"central_meridian\",21],PARAMETER[\"scale_factor\",0.999923],PARAMETER[\"false_easting\",7500000],PARAMETER[\"false_northing\",0],UNIT[\"METER\",1]]",
		"json_geometry" : {
			"type" : "Point",
			"coordinates" : [ 7473022.08, 5639260.68 ]
		}
	},
	{
		"json_featuretype" : "gp_urzedy2_point",
		"FID" : 6,
		"NAZWA" : "URZpD MIASTA KIELCE",
		"ULICA" : "KOZIA",
		"NR_BUDYNKU" : "3",
		"KOD_POCZTO" : "25-303",
		"TELEFON" : "41 36 76 361, 41 34 42 804",
		"WWW" : "http://www.um.kielce.pl",
		"json_ogc_wkt_crs" : "PROJCS[\"ETRS89 / Poland CS2000 zone 7\",GEOGCS[\"unnamed\",DATUM[\"unnamed\",SPHEROID[\"GRS 1980\",6378137,298.2572221010002]],PRIMEM[\"Greenwich\",0],UNIT[\"degree\",0.0174532925199433]],PROJECTION[\"Transverse_Mercator\"],PARAMETER[\"latitude_of_origin\",0],PARAMETER[\"central_meridian\",21],PARAMETER[\"scale_factor\",0.999923],PARAMETER[\"false_easting\",7500000],PARAMETER[\"false_northing\",0],UNIT[\"METER\",1]]",
		"json_geometry" : {
			"type" : "Point",
			"coordinates" : [ 7474028.94, 5637539.25 ]
		}
	},
	{
		"json_featuretype" : "gp_urzedy2_point",
		"FID" : 7,
		"NAZWA" : "URZpD MIASTA KIELCE",
		"ULICA" : "SZYMANOWSKIEGO",
		"NR_BUDYNKU" : "6",
		"KOD_POCZTO" : "25-361",
		"TELEFON" : "41 36 76 000",
		"WWW" : "http://www.um.kielce.pl",
		"json_ogc_wkt_crs" : "PROJCS[\"ETRS89 / Poland CS2000 zone 7\",GEOGCS[\"unnamed\",DATUM[\"unnamed\",SPHEROID[\"GRS 1980\",6378137,298.2572221010002]],PRIMEM[\"Greenwich\",0],UNIT[\"degree\",0.0174532925199433]],PROJECTION[\"Transverse_Mercator\"],PARAMETER[\"latitude_of_origin\",0],PARAMETER[\"central_meridian\",21],PARAMETER[\"scale_factor\",0.999923],PARAMETER[\"false_easting\",7500000],PARAMETER[\"false_northing\",0],UNIT[\"METER\",1]]",
		"json_geometry" : {
			"type" : "Point",
			"coordinates" : [ 7475200.07, 5636561.63 ]
		}
	},
	{
		"json_featuretype" : "gp_urzedy2_point",
		"FID" : 8,
		"NAZWA" : "MIEJSKI URZuD PRACY",
		"ULICA" : "SZYMANOWSKIEGO",
		"NR_BUDYNKU" : "6",
		"KOD_POCZTO" : "25-361",
		"TELEFON" : "41 340 60 55, 041 340 60 56",
		"WWW" : "http://www.mup.kielce.pl",
		"json_ogc_wkt_crs" : "PROJCS[\"ETRS89 / Poland CS2000 zone 7\",GEOGCS[\"unnamed\",DATUM[\"unnamed\",SPHEROID[\"GRS 1980\",6378137,298.2572221010002]],PRIMEM[\"Greenwich\",0],UNIT[\"degree\",0.0174532925199433]],PROJECTION[\"Transverse_Mercator\"],PARAMETER[\"latitude_of_origin\",0],PARAMETER[\"central_meridian\",21],PARAMETER[\"scale_factor\",0.999923],PARAMETER[\"false_easting\",7500000],PARAMETER[\"false_northing\",0],UNIT[\"METER\",1]]",
		"json_geometry" : {
			"type" : "Point",
			"coordinates" : [ 7475196.81, 5636572.02 ]
		}
	},
	{
		"json_featuretype" : "gp_urzedy2_point",
		"FID" : 9,
		"NAZWA" : "POWIATOWY URZpD PRACY",
		"ULICA" : "KOLBERGA",
		"NR_BUDYNKU" : "4",
		"KOD_POCZTO" : "25-620",
		"TELEFON" : "41 36 71 100",
		"WWW" : "http://www.pupkielce.pl",
		"json_ogc_wkt_crs" : "PROJCS[\"ETRS89 / Poland CS2000 zone 7\",GEOGCS[\"unnamed\",DATUM[\"unnamed\",SPHEROID[\"GRS 1980\",6378137,298.2572221010002]],PRIMEM[\"Greenwich\",0],UNIT[\"degree\",0.0174532925199433]],PROJECTION[\"Transverse_Mercator\"],PARAMETER[\"latitude_of_origin\",0],PARAMETER[\"central_meridian\",21],PARAMETER[\"scale_factor\",0.999923],PARAMETER[\"false_easting\",7500000],PARAMETER[\"false_northing\",0],UNIT[\"METER\",1]]",
		"json_geometry" : {
			"type" : "Point",
			"coordinates" : [ 7472286.41, 5638730.11 ]
		}
	},
	{
		"json_featuretype" : "gp_urzedy2_point",
		"FID" : 10,
		"NAZWA" : "WOJEW/DZKI URZkD PRACY",
		"ULICA" : "WITOSA",
		"NR_BUDYNKU" : "86",
		"KOD_POCZTO" : "25-561",
		"TELEFON" : "41 36 41 600",
		"WWW" : "http://www.wup.kielce.pl",
		"json_ogc_wkt_crs" : "PROJCS[\"ETRS89 / Poland CS2000 zone 7\",GEOGCS[\"unnamed\",DATUM[\"unnamed\",SPHEROID[\"GRS 1980\",6378137,298.2572221010002]],PRIMEM[\"Greenwich\",0],UNIT[\"degree\",0.0174532925199433]],PROJECTION[\"Transverse_Mercator\"],PARAMETER[\"latitude_of_origin\",0],PARAMETER[\"central_meridian\",21],PARAMETER[\"scale_factor\",0.999923],PARAMETER[\"false_easting\",7500000],PARAMETER[\"false_northing\",0],UNIT[\"METER\",1]]",
		"json_geometry" : {
			"type" : "Point",
			"coordinates" : [ 7474374.15, 5640598.52 ]
		}
	},
	{
		"json_featuretype" : "gp_urzedy2_point",
		"FID" : 11,
		"NAZWA" : "PIERWSZY URZuD SKARBOWY",
		"ULICA" : "WREBLA",
		"NR_BUDYNKU" : "17",
		"KOD_POCZTO" : "25-661",
		"TELEFON" : "41 36 57 160",
		"WWW" : "http://www.izba-skarbowa.kielce.pl/index.php?option=com_content&task=category&sectionid=7&id=35&Itemid=49",
		"json_ogc_wkt_crs" : "PROJCS[\"ETRS89 / Poland CS2000 zone 7\",GEOGCS[\"unnamed\",DATUM[\"unnamed\",SPHEROID[\"GRS 1980\",6378137,298.2572221010002]],PRIMEM[\"Greenwich\",0],UNIT[\"degree\",0.0174532925199433]],PROJECTION[\"Transverse_Mercator\"],PARAMETER[\"latitude_of_origin\",0],PARAMETER[\"central_meridian\",21],PARAMETER[\"scale_factor\",0.999923],PARAMETER[\"false_easting\",7500000],PARAMETER[\"false_northing\",0],UNIT[\"METER\",1]]",
		"json_geometry" : {
			"type" : "Point",
			"coordinates" : [ 7472897.82, 5639686.05 ]
		}
	},
	{
		"json_featuretype" : "gp_urzedy2_point",
		"FID" : 12,
		"NAZWA" : "DRUGI URZwD SKARBOWY",
		"ULICA" : "CZUSTOCHOWSKA",
		"NR_BUDYNKU" : "20",
		"KOD_POCZTO" : "25-647",
		"TELEFON" : "41 36 83 650",
		"WWW" : "http://www.izba-skarbowa.kielce.pl/index.php?option=com_content&task=category&sectionid=7&id=36&Itemid=78",
		"json_ogc_wkt_crs" : "PROJCS[\"ETRS89 / Poland CS2000 zone 7\",GEOGCS[\"unnamed\",DATUM[\"unnamed\",SPHEROID[\"GRS 1980\",6378137,298.2572221010002]],PRIMEM[\"Greenwich\",0],UNIT[\"degree\",0.0174532925199433]],PROJECTION[\"Transverse_Mercator\"],PARAMETER[\"latitude_of_origin\",0],PARAMETER[\"central_meridian\",21],PARAMETER[\"scale_factor\",0.999923],PARAMETER[\"false_easting\",7500000],PARAMETER[\"false_northing\",0],UNIT[\"METER\",1]]",
		"json_geometry" : {
			"type" : "Point",
			"coordinates" : [ 7472259.97, 5639376.5 ]
		}
	},
	{
		"json_featuretype" : "gp_urzedy2_point",
		"FID" : 13,
		"NAZWA" : "URZpD KONTROLI SKARBOWEJ",
		"ULICA" : "SANDOMIERSKA",
		"NR_BUDYNKU" : "105",
		"KOD_POCZTO" : "25-324",
		"TELEFON" : "41 34 31 718",
		"WWW" : "http://www.ns.net.pl/uks_kielce/",
		"json_ogc_wkt_crs" : "PROJCS[\"ETRS89 / Poland CS2000 zone 7\",GEOGCS[\"unnamed\",DATUM[\"unnamed\",SPHEROID[\"GRS 1980\",6378137,298.2572221010002]],PRIMEM[\"Greenwich\",0],UNIT[\"degree\",0.0174532925199433]],PROJECTION[\"Transverse_Mercator\"],PARAMETER[\"latitude_of_origin\",0],PARAMETER[\"central_meridian\",21],PARAMETER[\"scale_factor\",0.999923],PARAMETER[\"false_easting\",7500000],PARAMETER[\"false_northing\",0],UNIT[\"METER\",1]]",
		"json_geometry" : {
			"type" : "Point",
			"coordinates" : [ 7475311.58, 5637297.11 ]
		}
	},
	{
		"json_featuretype" : "gp_urzedy2_point",
		"FID" : 14,
		"NAZWA" : "OBWODOWY URZsD MIAR W KIELCACH",
		"ULICA" : "OW. LEONARDA",
		"NR_BUDYNKU" : "14",
		"KOD_POCZTO" : "25-953",
		"TELEFON" : "41-344-29-75",
		"WWW" : "http://www.gum.gov.pl",
		"json_ogc_wkt_crs" : "PROJCS[\"ETRS89 / Poland CS2000 zone 7\",GEOGCS[\"unnamed\",DATUM[\"unnamed\",SPHEROID[\"GRS 1980\",6378137,298.2572221010002]],PRIMEM[\"Greenwich\",0],UNIT[\"degree\",0.0174532925199433]],PROJECTION[\"Transverse_Mercator\"],PARAMETER[\"latitude_of_origin\",0],PARAMETER[\"central_meridian\",21],PARAMETER[\"scale_factor\",0.999923],PARAMETER[\"false_easting\",7500000],PARAMETER[\"false_northing\",0],UNIT[\"METER\",1]]",
		"json_geometry" : {
			"type" : "Point",
			"coordinates" : [ 7474200.87, 5637316.14 ]
		}
	},
	{
		"json_featuretype" : "gp_urzedy2_point",
		"FID" : 15,
		"NAZWA" : "IZBA CELNA W KIELCACH",
		"ULICA" : "WESO A",
		"NR_BUDYNKU" : "56",
		"KOD_POCZTO" : "25-363",
		"TELEFON" : "41-364-28-10",
		"WWW" : "http://www.kielce.scelna.gov.pl",
		"json_ogc_wkt_crs" : "PROJCS[\"ETRS89 / Poland CS2000 zone 7\",GEOGCS[\"unnamed\",DATUM[\"unnamed\",SPHEROID[\"GRS 1980\",6378137,298.2572221010002]],PRIMEM[\"Greenwich\",0],UNIT[\"degree\",0.0174532925199433]],PROJECTION[\"Transverse_Mercator\"],PARAMETER[\"latitude_of_origin\",0],PARAMETER[\"central_meridian\",21],PARAMETER[\"scale_factor\",0.999923],PARAMETER[\"false_easting\",7500000],PARAMETER[\"false_northing\",0],UNIT[\"METER\",1]]",
		"json_geometry" : {
			"type" : "Point",
			"coordinates" : [ 7474053.79, 5637117.05 ]
		}
	},
	{
		"json_featuretype" : "gp_urzedy2_point",
		"FID" : 16,
		"NAZWA" : "IZBA SKARBOWA W KIELCACH",
		"ULICA" : "WITOSA",
		"NR_BUDYNKU" : "78 B",
		"KOD_POCZTO" : "25-561",
		"TELEFON" : "41 34 05 1020",
		"WWW" : "http://www.izba-skarbowa.kielce.pl/",
		"json_ogc_wkt_crs" : "PROJCS[\"ETRS89 / Poland CS2000 zone 7\",GEOGCS[\"unnamed\",DATUM[\"unnamed\",SPHEROID[\"GRS 1980\",6378137,298.2572221010002]],PRIMEM[\"Greenwich\",0],UNIT[\"degree\",0.0174532925199433]],PROJECTION[\"Transverse_Mercator\"],PARAMETER[\"latitude_of_origin\",0],PARAMETER[\"central_meridian\",21],PARAMETER[\"scale_factor\",0.999923],PARAMETER[\"false_easting\",7500000],PARAMETER[\"false_northing\",0],UNIT[\"METER\",1]]",
		"json_geometry" : {
			"type" : "Point",
			"coordinates" : [ 7474914.29, 5640769.52 ]
		}
	},
	{
		"json_featuretype" : "gp_urzedy2_point",
		"FID" : 17,
		"NAZWA" : "WOJEW/DZKI INSPEKTORAT OCHRONY .RODOWISKA W KIELCACH",
		"ULICA" : "IX WIEKZW KIELC",
		"NR_BUDYNKU" : "3",
		"KOD_POCZTO" : "25-516",
		"TELEFON" : "41 342-19-22",
		"WWW" : "http://kielce.pios.gov.pl/",
		"json_ogc_wkt_crs" : "PROJCS[\"ETRS89 / Poland CS2000 zone 7\",GEOGCS[\"unnamed\",DATUM[\"unnamed\",SPHEROID[\"GRS 1980\",6378137,298.2572221010002]],PRIMEM[\"Greenwich\",0],UNIT[\"degree\",0.0174532925199433]],PROJECTION[\"Transverse_Mercator\"],PARAMETER[\"latitude_of_origin\",0],PARAMETER[\"central_meridian\",21],PARAMETER[\"scale_factor\",0.999923],PARAMETER[\"false_easting\",7500000],PARAMETER[\"false_northing\",0],UNIT[\"METER\",1]]",
		"json_geometry" : {
			"type" : "Point",
			"coordinates" : [ 7474002.96, 5637898.24 ]
		}
	},
	{
		"json_featuretype" : "gp_urzedy2_point",
		"FID" : 18,
		"NAZWA" : "WOJEW/DZKI FUNDUSZ OCHRONY ORODOWISKA I GOSPODARKI WODNEJ W KIELCACH",
		"ULICA" : "AL. KS. J. POPIESUSZKI",
		"NR_BUDYNKU" : "41",
		"KOD_POCZTO" : "25-155",
		"TELEFON" : "41 366-15-12",
		"WWW" : "http://www.wfos.com.pl",
		"json_ogc_wkt_crs" : "PROJCS[\"ETRS89 / Poland CS2000 zone 7\",GEOGCS[\"unnamed\",DATUM[\"unnamed\",SPHEROID[\"GRS 1980\",6378137,298.2572221010002]],PRIMEM[\"Greenwich\",0],UNIT[\"degree\",0.0174532925199433]],PROJECTION[\"Transverse_Mercator\"],PARAMETER[\"latitude_of_origin\",0],PARAMETER[\"central_meridian\",21],PARAMETER[\"scale_factor\",0.999923],PARAMETER[\"false_easting\",7500000],PARAMETER[\"false_northing\",0],UNIT[\"METER\",1]]",
		"json_geometry" : {
			"type" : "Point",
			"coordinates" : [ 7474229.09, 5634367.9 ]
		}
	},
	{
		"json_featuretype" : "gp_urzedy2_point",
		"FID" : 19,
		"NAZWA" : "URZpD MIASTA KIELCE",
		"ULICA" : "MRODA",
		"NR_BUDYNKU" : "28",
		"KOD_POCZTO" : "25-619",
		"TELEFON" : "41 367 68 63",
		"WWW" : " ",
		"json_ogc_wkt_crs" : "PROJCS[\"ETRS89 / Poland CS2000 zone 7\",GEOGCS[\"unnamed\",DATUM[\"unnamed\",SPHEROID[\"GRS 1980\",6378137,298.2572221010002]],PRIMEM[\"Greenwich\",0],UNIT[\"degree\",0.0174532925199433]],PROJECTION[\"Transverse_Mercator\"],PARAMETER[\"latitude_of_origin\",0],PARAMETER[\"central_meridian\",21],PARAMETER[\"scale_factor\",0.999923],PARAMETER[\"false_easting\",7500000],PARAMETER[\"false_northing\",0],UNIT[\"METER\",1]]",
		"json_geometry" : {
			"type" : "Point",
			"coordinates" : [ 7472918.63, 5638512.32 ]
		}
	}
]