[
	{
		"json_featuretype" : "gp_rej_zab_point",
		"FID" : 0,
		"ID" : 2,
		"NAZWA" : "zesp",
		"NR_REJ_ZAB" : "319 z 1.12.1956 oraz 268 z 15.02.1967",
		"NR_REJ_ZA0" : "A.402",
		"OPIS" : "zak0ad",
		"POLOZENIE" : " ",
		"DOKUMENT" : "isdp_mm\\zabytki\\a.402.pdf",
		"LINK" : " ",
		"json_ogc_wkt_crs" : "PROJCS[\"ETRS89 / Poland CS2000 zone 7\",GEOGCS[\"unnamed\",DATUM[\"unnamed\",SPHEROID[\"GRS 1980\",6378137,298.2572221010002]],PRIMEM[\"Greenwich\",0],UNIT[\"degree\",0.0174532925199433]],PROJECTION[\"Transverse_Mercator\"],PARAMETER[\"latitude_of_origin\",0],PARAMETER[\"central_meridian\",21],PARAMETER[\"scale_factor\",0.999923],PARAMETER[\"false_easting\",7500000],PARAMETER[\"false_northing\",0],UNIT[\"METER\",1]]",
		"json_geometry" : {
			"type" : "Point",
			"coordinates" : [ 7468449.38, 5635676.6 ]
		}
	},
	{
		"json_featuretype" : "gp_rej_zab_point",
		"FID" : 1,
		"ID" : 3,
		"NAZWA" : "zesp_m koacioka par. pw. Przemienienia Pa",
		"NR_REJ_ZAB" : "1172 z 14.04.1993",
		"NR_REJ_ZA0" : "A.401/1-3",
		"OPIS" : "ko4ci/1",
		"POLOZENIE" : " ",
		"DOKUMENT" : "isdp_mm\\zabytki\\a.401_1-3.pdf",
		"LINK" : " ",
		"json_ogc_wkt_crs" : "PROJCS[\"ETRS89 / Poland CS2000 zone 7\",GEOGCS[\"unnamed\",DATUM[\"unnamed\",SPHEROID[\"GRS 1980\",6378137,298.2572221010002]],PRIMEM[\"Greenwich\",0],UNIT[\"degree\",0.0174532925199433]],PROJECTION[\"Transverse_Mercator\"],PARAMETER[\"latitude_of_origin\",0],PARAMETER[\"central_meridian\",21],PARAMETER[\"scale_factor\",0.999923],PARAMETER[\"false_easting\",7500000],PARAMETER[\"false_northing\",0],UNIT[\"METER\",1]]",
		"json_geometry" : {
			"type" : "Point",
			"coordinates" : [ 7468537.22, 5635586.41 ]
		}
	},
	{
		"json_featuretype" : "gp_rej_zab_point",
		"FID" : 2,
		"ID" : 4,
		"NAZWA" : "zesp_m koacioka par. pw. Przemienienia Pa",
		"NR_REJ_ZAB" : "1172 z 14.04.1993",
		"NR_REJ_ZA0" : "A.401/1-3",
		"OPIS" : "dzwonnica",
		"POLOZENIE" : " ",
		"DOKUMENT" : "isdp_mm\\zabytki\\a.401_1-3.pdf",
		"LINK" : " ",
		"json_ogc_wkt_crs" : "PROJCS[\"ETRS89 / Poland CS2000 zone 7\",GEOGCS[\"unnamed\",DATUM[\"unnamed\",SPHEROID[\"GRS 1980\",6378137,298.2572221010002]],PRIMEM[\"Greenwich\",0],UNIT[\"degree\",0.0174532925199433]],PROJECTION[\"Transverse_Mercator\"],PARAMETER[\"latitude_of_origin\",0],PARAMETER[\"central_meridian\",21],PARAMETER[\"scale_factor\",0.999923],PARAMETER[\"false_easting\",7500000],PARAMETER[\"false_northing\",0],UNIT[\"METER\",1]]",
		"json_geometry" : {
			"type" : "Point",
			"coordinates" : [ 7468510.43, 5635574.18 ]
		}
	},
	{
		"json_featuretype" : "gp_rej_zab_point",
		"FID" : 3,
		"ID" : 5,
		"NAZWA" : "zesp_m koacioka par. pw. Przemienienia Pa",
		"NR_REJ_ZAB" : "1172 z 14.04.1993",
		"NR_REJ_ZA0" : "A.401/1-3",
		"OPIS" : "ogrodzenie z bramkr",
		"POLOZENIE" : " ",
		"DOKUMENT" : "isdp_mm\\zabytki\\a.401_1-3.pdf",
		"LINK" : " ",
		"json_ogc_wkt_crs" : "PROJCS[\"ETRS89 / Poland CS2000 zone 7\",GEOGCS[\"unnamed\",DATUM[\"unnamed\",SPHEROID[\"GRS 1980\",6378137,298.2572221010002]],PRIMEM[\"Greenwich\",0],UNIT[\"degree\",0.0174532925199433]],PROJECTION[\"Transverse_Mercator\"],PARAMETER[\"latitude_of_origin\",0],PARAMETER[\"central_meridian\",21],PARAMETER[\"scale_factor\",0.999923],PARAMETER[\"false_easting\",7500000],PARAMETER[\"false_northing\",0],UNIT[\"METER\",1]]",
		"json_geometry" : {
			"type" : "Point",
			"coordinates" : [ 7468521.69, 5635567.02 ]
		}
	},
	{
		"json_featuretype" : "gp_rej_zab_point",
		"FID" : 4,
		"ID" : 6,
		"NAZWA" : "Klasztor oblatiw",
		"NR_REJ_ZAB" : "125 z 08.02.1932 oraz 257 z 23.06.1967",
		"NR_REJ_ZA0" : "A.403/1-4",
		"OPIS" : "klasztor",
		"POLOZENIE" : "Karcztwka 1",
		"DOKUMENT" : "isdp_mm\\zabytki\\a.403_1-4.pdf",
		"LINK" : " ",
		"json_ogc_wkt_crs" : "PROJCS[\"ETRS89 / Poland CS2000 zone 7\",GEOGCS[\"unnamed\",DATUM[\"unnamed\",SPHEROID[\"GRS 1980\",6378137,298.2572221010002]],PRIMEM[\"Greenwich\",0],UNIT[\"degree\",0.0174532925199433]],PROJECTION[\"Transverse_Mercator\"],PARAMETER[\"latitude_of_origin\",0],PARAMETER[\"central_meridian\",21],PARAMETER[\"scale_factor\",0.999923],PARAMETER[\"false_easting\",7500000],PARAMETER[\"false_northing\",0],UNIT[\"METER\",1]]",
		"json_geometry" : {
			"type" : "Point",
			"coordinates" : [ 7471104.48, 5637060.19 ]
		}
	},
	{
		"json_featuretype" : "gp_rej_zab_point",
		"FID" : 5,
		"ID" : 7,
		"NAZWA" : "Kodcimm p.w. kw. Karola Boromeusza",
		"NR_REJ_ZAB" : "125 z 08.02.1932 oraz 257 z 23.06.1967",
		"NR_REJ_ZA0" : "A.403/1-4",
		"OPIS" : "ko4ci/1 par. pw. ow. Karola Boromeusza",
		"POLOZENIE" : "Karcz/wka 1",
		"DOKUMENT" : "isdp_mm\\zabytki\\a.403_1-3.pdf",
		"LINK" : " ",
		"json_ogc_wkt_crs" : "PROJCS[\"ETRS89 / Poland CS2000 zone 7\",GEOGCS[\"unnamed\",DATUM[\"unnamed\",SPHEROID[\"GRS 1980\",6378137,298.2572221010002]],PRIMEM[\"Greenwich\",0],UNIT[\"degree\",0.0174532925199433]],PROJECTION[\"Transverse_Mercator\"],PARAMETER[\"latitude_of_origin\",0],PARAMETER[\"central_meridian\",21],PARAMETER[\"scale_factor\",0.999923],PARAMETER[\"false_easting\",7500000],PARAMETER[\"false_northing\",0],UNIT[\"METER\",1]]",
		"json_geometry" : {
			"type" : "Point",
			"coordinates" : [ 7471065.67, 5637061.79 ]
		}
	},
	{
		"json_featuretype" : "gp_rej_zab_point",
		"FID" : 6,
		"ID" : 8,
		"NAZWA" : "Zabudowania gospodarcze klasztoru oblatPw",
		"NR_REJ_ZAB" : "257 z 23.06.1967",
		"NR_REJ_ZA0" : "A.403/1-4",
		"OPIS" : "zabudowania gospodarcze",
		"POLOZENIE" : "Karczowka 1",
		"DOKUMENT" : "isdp_mm\\zabytki\\a.403_1-4.pdf",
		"LINK" : " ",
		"json_ogc_wkt_crs" : "PROJCS[\"ETRS89 / Poland CS2000 zone 7\",GEOGCS[\"unnamed\",DATUM[\"unnamed\",SPHEROID[\"GRS 1980\",6378137,298.2572221010002]],PRIMEM[\"Greenwich\",0],UNIT[\"degree\",0.0174532925199433]],PROJECTION[\"Transverse_Mercator\"],PARAMETER[\"latitude_of_origin\",0],PARAMETER[\"central_meridian\",21],PARAMETER[\"scale_factor\",0.999923],PARAMETER[\"false_easting\",7500000],PARAMETER[\"false_northing\",0],UNIT[\"METER\",1]]",
		"json_geometry" : {
			"type" : "Point",
			"coordinates" : [ 7471131.44, 5637075.35 ]
		}
	},
	{
		"json_featuretype" : "gp_rej_zab_point",
		"FID" : 7,
		"ID" : 9,
		"NAZWA" : "Ogrodzenie z basztami klasztoru oblataw",
		"NR_REJ_ZAB" : "257 z 23.06.1967",
		"NR_REJ_ZA0" : "A.403/1-4",
		"OPIS" : "ogrodzenie z basztami",
		"POLOZENIE" : "Karczzwka1",
		"DOKUMENT" : "isdp_mm\\zabytki\\a.403_1-4.pdf",
		"LINK" : " ",
		"json_ogc_wkt_crs" : "PROJCS[\"ETRS89 / Poland CS2000 zone 7\",GEOGCS[\"unnamed\",DATUM[\"unnamed\",SPHEROID[\"GRS 1980\",6378137,298.2572221010002]],PRIMEM[\"Greenwich\",0],UNIT[\"degree\",0.0174532925199433]],PROJECTION[\"Transverse_Mercator\"],PARAMETER[\"latitude_of_origin\",0],PARAMETER[\"central_meridian\",21],PARAMETER[\"scale_factor\",0.999923],PARAMETER[\"false_easting\",7500000],PARAMETER[\"false_northing\",0],UNIT[\"METER\",1]]",
		"json_geometry" : {
			"type" : "Point",
			"coordinates" : [ 7471158.43, 5637059.27 ]
		}
	},
	{
		"json_featuretype" : "gp_rej_zab_point",
		"FID" : 8,
		"ID" : 10,
		"NAZWA" : "B",
		"NR_REJ_ZAB" : "1038 z 14.07.1987",
		"NR_REJ_ZA0" : "A.328",
		"OPIS" : "synagoga",
		"POLOZENIE" : "Warszawska 17",
		"DOKUMENT" : "isdp_mm\\zabytki\\a.328.pdf",
		"LINK" : " ",
		"json_ogc_wkt_crs" : "PROJCS[\"ETRS89 / Poland CS2000 zone 7\",GEOGCS[\"unnamed\",DATUM[\"unnamed\",SPHEROID[\"GRS 1980\",6378137,298.2572221010002]],PRIMEM[\"Greenwich\",0],UNIT[\"degree\",0.0174532925199433]],PROJECTION[\"Transverse_Mercator\"],PARAMETER[\"latitude_of_origin\",0],PARAMETER[\"central_meridian\",21],PARAMETER[\"scale_factor\",0.999923],PARAMETER[\"false_easting\",7500000],PARAMETER[\"false_northing\",0],UNIT[\"METER\",1]]",
		"json_geometry" : {
			"type" : "Point",
			"coordinates" : [ 7474159.61, 5637735.22 ]
		}
	},
	{
		"json_featuretype" : "gp_rej_zab_point",
		"FID" : 9,
		"ID" : 11,
		"NAZWA" : "Cmentarz aydowski",
		"NR_REJ_ZAB" : "1093 z 10.01.1991",
		"NR_REJ_ZA0" : "A.333",
		"OPIS" : "cmentarz .ydowski",
		"POLOZENIE" : " ",
		"DOKUMENT" : "isdp_mm\\zabytki\\a.333.pdf",
		"LINK" : " ",
		"json_ogc_wkt_crs" : "PROJCS[\"ETRS89 / Poland CS2000 zone 7\",GEOGCS[\"unnamed\",DATUM[\"unnamed\",SPHEROID[\"GRS 1980\",6378137,298.2572221010002]],PRIMEM[\"Greenwich\",0],UNIT[\"degree\",0.0174532925199433]],PROJECTION[\"Transverse_Mercator\"],PARAMETER[\"latitude_of_origin\",0],PARAMETER[\"central_meridian\",21],PARAMETER[\"scale_factor\",0.999923],PARAMETER[\"false_easting\",7500000],PARAMETER[\"false_northing\",0],UNIT[\"METER\",1]]",
		"json_geometry" : {
			"type" : "Point",
			"coordinates" : [ 7472416.61, 5635756.53 ]
		}
	},
	{
		"json_featuretype" : "gp_rej_zab_point",
		"FID" : 10,
		"ID" : 12,
		"NAZWA" : "Dom",
		"NR_REJ_ZAB" : "893 z 25.07.1976",
		"NR_REJ_ZA0" : "A.338",
		"OPIS" : "dom",
		"POLOZENIE" : "Duma 5",
		"DOKUMENT" : "isdp_mm\\zabytki\\a.338.pdf",
		"LINK" : " ",
		"json_ogc_wkt_crs" : "PROJCS[\"ETRS89 / Poland CS2000 zone 7\",GEOGCS[\"unnamed\",DATUM[\"unnamed\",SPHEROID[\"GRS 1980\",6378137,298.2572221010002]],PRIMEM[\"Greenwich\",0],UNIT[\"degree\",0.0174532925199433]],PROJECTION[\"Transverse_Mercator\"],PARAMETER[\"latitude_of_origin\",0],PARAMETER[\"central_meridian\",21],PARAMETER[\"scale_factor\",0.999923],PARAMETER[\"false_easting\",7500000],PARAMETER[\"false_northing\",0],UNIT[\"METER\",1]]",
		"json_geometry" : {
			"type" : "Point",
			"coordinates" : [ 7474058.15, 5637350.17 ]
		}
	},
	{
		"json_featuretype" : "gp_rej_zab_point",
		"FID" : 11,
		"ID" : 13,
		"NAZWA" : "Dom",
		"NR_REJ_ZAB" : "886 z 24.07.1976",
		"NR_REJ_ZA0" : "A.346",
		"OPIS" : "dom",
		"POLOZENIE" : "Komciuszki 8",
		"DOKUMENT" : "isdp_mm\\zabytki\\a.346.pdf",
		"LINK" : " ",
		"json_ogc_wkt_crs" : "PROJCS[\"ETRS89 / Poland CS2000 zone 7\",GEOGCS[\"unnamed\",DATUM[\"unnamed\",SPHEROID[\"GRS 1980\",6378137,298.2572221010002]],PRIMEM[\"Greenwich\",0],UNIT[\"degree\",0.0174532925199433]],PROJECTION[\"Transverse_Mercator\"],PARAMETER[\"latitude_of_origin\",0],PARAMETER[\"central_meridian\",21],PARAMETER[\"scale_factor\",0.999923],PARAMETER[\"false_easting\",7500000],PARAMETER[\"false_northing\",0],UNIT[\"METER\",1]]",
		"json_geometry" : {
			"type" : "Point",
			"coordinates" : [ 7474400.36, 5637270.21 ]
		}
	},
	{
		"json_featuretype" : "gp_rej_zab_point",
		"FID" : 12,
		"ID" : 14,
		"NAZWA" : "Dom",
		"NR_REJ_ZAB" : "888 z 24.07.1976",
		"NR_REJ_ZA0" : "A.351",
		"OPIS" : "dom",
		"POLOZENIE" : "dw. Leonarda 9/11",
		"DOKUMENT" : "isdp_mm\\zabytki\\a.351.pdf",
		"LINK" : " ",
		"json_ogc_wkt_crs" : "PROJCS[\"ETRS89 / Poland CS2000 zone 7\",GEOGCS[\"unnamed\",DATUM[\"unnamed\",SPHEROID[\"GRS 1980\",6378137,298.2572221010002]],PRIMEM[\"Greenwich\",0],UNIT[\"degree\",0.0174532925199433]],PROJECTION[\"Transverse_Mercator\"],PARAMETER[\"latitude_of_origin\",0],PARAMETER[\"central_meridian\",21],PARAMETER[\"scale_factor\",0.999923],PARAMETER[\"false_easting\",7500000],PARAMETER[\"false_northing\",0],UNIT[\"METER\",1]]",
		"json_geometry" : {
			"type" : "Point",
			"coordinates" : [ 7474218.4, 5637250.13 ]
		}
	},
	{
		"json_featuretype" : "gp_rej_zab_point",
		"FID" : 13,
		"ID" : 15,
		"NAZWA" : "Dom",
		"NR_REJ_ZAB" : "846 z 15.03.1975",
		"NR_REJ_ZA0" : "A.353",
		"OPIS" : "sklepiona kolebkowo p.pnocna czeob parteru budynku",
		"POLOZENIE" : "Lelna 7",
		"DOKUMENT" : " ",
		"LINK" : " ",
		"json_ogc_wkt_crs" : "PROJCS[\"ETRS89 / Poland CS2000 zone 7\",GEOGCS[\"unnamed\",DATUM[\"unnamed\",SPHEROID[\"GRS 1980\",6378137,298.2572221010002]],PRIMEM[\"Greenwich\",0],UNIT[\"degree\",0.0174532925199433]],PROJECTION[\"Transverse_Mercator\"],PARAMETER[\"latitude_of_origin\",0],PARAMETER[\"central_meridian\",21],PARAMETER[\"scale_factor\",0.999923],PARAMETER[\"false_easting\",7500000],PARAMETER[\"false_northing\",0],UNIT[\"METER\",1]]",
		"json_geometry" : {
			"type" : "Point",
			"coordinates" : [ 7473867.36, 5637478.04 ]
		}
	},
	{
		"json_featuretype" : "gp_rej_zab_point",
		"FID" : 14,
		"ID" : 16,
		"NAZWA" : "Dom",
		"NR_REJ_ZAB" : "51 z 14.01.1933 oraz 260 z 23.06.1967",
		"NR_REJ_ZA0" : "A.359",
		"OPIS" : "dom",
		"POLOZENIE" : "Rynek 3",
		"DOKUMENT" : "isdp_mm\\zabytki\\a.359.pdf",
		"LINK" : " ",
		"json_ogc_wkt_crs" : "PROJCS[\"ETRS89 / Poland CS2000 zone 7\",GEOGCS[\"unnamed\",DATUM[\"unnamed\",SPHEROID[\"GRS 1980\",6378137,298.2572221010002]],PRIMEM[\"Greenwich\",0],UNIT[\"degree\",0.0174532925199433]],PROJECTION[\"Transverse_Mercator\"],PARAMETER[\"latitude_of_origin\",0],PARAMETER[\"central_meridian\",21],PARAMETER[\"scale_factor\",0.999923],PARAMETER[\"false_easting\",7500000],PARAMETER[\"false_northing\",0],UNIT[\"METER\",1]]",
		"json_geometry" : {
			"type" : "Point",
			"coordinates" : [ 7474058.25, 5637475.15 ]
		}
	},
	{
		"json_featuretype" : "gp_rej_zab_point",
		"FID" : 15,
		"ID" : 17,
		"NAZWA" : "Dom",
		"NR_REJ_ZAB" : "748 z 09.04.1972",
		"NR_REJ_ZA0" : "A.360",
		"OPIS" : "dom",
		"POLOZENIE" : "Rynek 5",
		"DOKUMENT" : "isdp_mm\\zabytki\\a.360.pdf",
		"LINK" : " ",
		"json_ogc_wkt_crs" : "PROJCS[\"ETRS89 / Poland CS2000 zone 7\",GEOGCS[\"unnamed\",DATUM[\"unnamed\",SPHEROID[\"GRS 1980\",6378137,298.2572221010002]],PRIMEM[\"Greenwich\",0],UNIT[\"degree\",0.0174532925199433]],PROJECTION[\"Transverse_Mercator\"],PARAMETER[\"latitude_of_origin\",0],PARAMETER[\"central_meridian\",21],PARAMETER[\"scale_factor\",0.999923],PARAMETER[\"false_easting\",7500000],PARAMETER[\"false_northing\",0],UNIT[\"METER\",1]]",
		"json_geometry" : {
			"type" : "Point",
			"coordinates" : [ 7474090.19, 5637471.86 ]
		}
	},
	{
		"json_featuretype" : "gp_rej_zab_point",
		"FID" : 16,
		"ID" : 18,
		"NAZWA" : "Dom",
		"NR_REJ_ZAB" : "744 z 09.04.1972",
		"NR_REJ_ZA0" : "A.361",
		"OPIS" : "dom",
		"POLOZENIE" : "Rynek 10",
		"DOKUMENT" : "isdp_mm\\zabytki\\a.361.pdf",
		"LINK" : " ",
		"json_ogc_wkt_crs" : "PROJCS[\"ETRS89 / Poland CS2000 zone 7\",GEOGCS[\"unnamed\",DATUM[\"unnamed\",SPHEROID[\"GRS 1980\",6378137,298.2572221010002]],PRIMEM[\"Greenwich\",0],UNIT[\"degree\",0.0174532925199433]],PROJECTION[\"Transverse_Mercator\"],PARAMETER[\"latitude_of_origin\",0],PARAMETER[\"central_meridian\",21],PARAMETER[\"scale_factor\",0.999923],PARAMETER[\"false_easting\",7500000],PARAMETER[\"false_northing\",0],UNIT[\"METER\",1]]",
		"json_geometry" : {
			"type" : "Point",
			"coordinates" : [ 7474113.37, 5637408.5 ]
		}
	},
	{
		"json_featuretype" : "gp_rej_zab_point",
		"FID" : 17,
		"ID" : 19,
		"NAZWA" : "Dom",
		"NR_REJ_ZAB" : "745 z 09.04.1972",
		"NR_REJ_ZA0" : "A.362",
		"OPIS" : "dom",
		"POLOZENIE" : "Rynek 11",
		"DOKUMENT" : "isdp_mm\\zabytki\\a.362.pdf",
		"LINK" : " ",
		"json_ogc_wkt_crs" : "PROJCS[\"ETRS89 / Poland CS2000 zone 7\",GEOGCS[\"unnamed\",DATUM[\"unnamed\",SPHEROID[\"GRS 1980\",6378137,298.2572221010002]],PRIMEM[\"Greenwich\",0],UNIT[\"degree\",0.0174532925199433]],PROJECTION[\"Transverse_Mercator\"],PARAMETER[\"latitude_of_origin\",0],PARAMETER[\"central_meridian\",21],PARAMETER[\"scale_factor\",0.999923],PARAMETER[\"false_easting\",7500000],PARAMETER[\"false_northing\",0],UNIT[\"METER\",1]]",
		"json_geometry" : {
			"type" : "Point",
			"coordinates" : [ 7474103.37, 5637398.23 ]
		}
	},
	{
		"json_featuretype" : "gp_rej_zab_point",
		"FID" : 18,
		"ID" : 20,
		"NAZWA" : "Dom",
		"NR_REJ_ZAB" : "576 z 06.09.1971",
		"NR_REJ_ZA0" : "A.364",
		"OPIS" : "dom",
		"POLOZENIE" : "Rynek 14",
		"DOKUMENT" : "isdp_mm\\zabytki\\a.364.pdf",
		"LINK" : " ",
		"json_ogc_wkt_crs" : "PROJCS[\"ETRS89 / Poland CS2000 zone 7\",GEOGCS[\"unnamed\",DATUM[\"unnamed\",SPHEROID[\"GRS 1980\",6378137,298.2572221010002]],PRIMEM[\"Greenwich\",0],UNIT[\"degree\",0.0174532925199433]],PROJECTION[\"Transverse_Mercator\"],PARAMETER[\"latitude_of_origin\",0],PARAMETER[\"central_meridian\",21],PARAMETER[\"scale_factor\",0.999923],PARAMETER[\"false_easting\",7500000],PARAMETER[\"false_northing\",0],UNIT[\"METER\",1]]",
		"json_geometry" : {
			"type" : "Point",
			"coordinates" : [ 7474054.54, 5637389.6 ]
		}
	},
	{
		"json_featuretype" : "gp_rej_zab_point",
		"FID" : 19,
		"ID" : 21,
		"NAZWA" : "Dom z oficynt",
		"NR_REJ_ZAB" : "6 z 09.09.2004",
		"NR_REJ_ZA0" : "A.6",
		"OPIS" : "dom wraz z oficyn.",
		"POLOZENIE" : "Rynek 15",
		"DOKUMENT" : "isdp_mm\\zabytki\\a.6.pdf",
		"LINK" : " ",
		"json_ogc_wkt_crs" : "PROJCS[\"ETRS89 / Poland CS2000 zone 7\",GEOGCS[\"unnamed\",DATUM[\"unnamed\",SPHEROID[\"GRS 1980\",6378137,298.2572221010002]],PRIMEM[\"Greenwich\",0],UNIT[\"degree\",0.0174532925199433]],PROJECTION[\"Transverse_Mercator\"],PARAMETER[\"latitude_of_origin\",0],PARAMETER[\"central_meridian\",21],PARAMETER[\"scale_factor\",0.999923],PARAMETER[\"false_easting\",7500000],PARAMETER[\"false_northing\",0],UNIT[\"METER\",1]]",
		"json_geometry" : {
			"type" : "Point",
			"coordinates" : [ 7474049.05, 5637394.83 ]
		}
	},
	{
		"json_featuretype" : "gp_rej_zab_point",
		"FID" : 20,
		"ID" : 22,
		"NAZWA" : "Dom",
		"NR_REJ_ZAB" : "747 z 09.04.1972",
		"NR_REJ_ZA0" : "A.365",
		"OPIS" : "dom",
		"POLOZENIE" : "Rynek 16",
		"DOKUMENT" : "isdp_mm\\zabytki\\a.365.pdf",
		"LINK" : " ",
		"json_ogc_wkt_crs" : "PROJCS[\"ETRS89 / Poland CS2000 zone 7\",GEOGCS[\"unnamed\",DATUM[\"unnamed\",SPHEROID[\"GRS 1980\",6378137,298.2572221010002]],PRIMEM[\"Greenwich\",0],UNIT[\"degree\",0.0174532925199433]],PROJECTION[\"Transverse_Mercator\"],PARAMETER[\"latitude_of_origin\",0],PARAMETER[\"central_meridian\",21],PARAMETER[\"scale_factor\",0.999923],PARAMETER[\"false_easting\",7500000],PARAMETER[\"false_northing\",0],UNIT[\"METER\",1]]",
		"json_geometry" : {
			"type" : "Point",
			"coordinates" : [ 7474038.79, 5637403.4 ]
		}
	},
	{
		"json_featuretype" : "gp_rej_zab_point",
		"FID" : 21,
		"ID" : 23,
		"NAZWA" : "Dom",
		"NR_REJ_ZAB" : "906 z 02.08.1976",
		"NR_REJ_ZA0" : "A.354",
		"OPIS" : "dom",
		"POLOZENIE" : "Mickiewicza 6",
		"DOKUMENT" : "isdp_mm\\zabytki\\a.354.pdf",
		"LINK" : " ",
		"json_ogc_wkt_crs" : "PROJCS[\"ETRS89 / Poland CS2000 zone 7\",GEOGCS[\"unnamed\",DATUM[\"unnamed\",SPHEROID[\"GRS 1980\",6378137,298.2572221010002]],PRIMEM[\"Greenwich\",0],UNIT[\"degree\",0.0174532925199433]],PROJECTION[\"Transverse_Mercator\"],PARAMETER[\"latitude_of_origin\",0],PARAMETER[\"central_meridian\",21],PARAMETER[\"scale_factor\",0.999923],PARAMETER[\"false_easting\",7500000],PARAMETER[\"false_northing\",0],UNIT[\"METER\",1]]",
		"json_geometry" : {
			"type" : "Point",
			"coordinates" : [ 7474143.59, 5637022.47 ]
		}
	},
	{
		"json_featuretype" : "gp_rej_zab_point",
		"FID" : 22,
		"ID" : 24,
		"NAZWA" : "Dom",
		"NR_REJ_ZAB" : "889 z 24.07.1976",
		"NR_REJ_ZA0" : "A.369",
		"OPIS" : "dom",
		"POLOZENIE" : "Sienkiewicza 2",
		"DOKUMENT" : "isdp_mm\\zabytki\\a.369.pdf",
		"LINK" : " ",
		"json_ogc_wkt_crs" : "PROJCS[\"ETRS89 / Poland CS2000 zone 7\",GEOGCS[\"unnamed\",DATUM[\"unnamed\",SPHEROID[\"GRS 1980\",6378137,298.2572221010002]],PRIMEM[\"Greenwich\",0],UNIT[\"degree\",0.0174532925199433]],PROJECTION[\"Transverse_Mercator\"],PARAMETER[\"latitude_of_origin\",0],PARAMETER[\"central_meridian\",21],PARAMETER[\"scale_factor\",0.999923],PARAMETER[\"false_easting\",7500000],PARAMETER[\"false_northing\",0],UNIT[\"METER\",1]]",
		"json_geometry" : {
			"type" : "Point",
			"coordinates" : [ 7474335.78, 5637128.49 ]
		}
	},
	{
		"json_featuretype" : "gp_rej_zab_point",
		"FID" : 23,
		"ID" : 25,
		"NAZWA" : "Dom",
		"NR_REJ_ZAB" : "897 z 02.08.1976",
		"NR_REJ_ZA0" : "A.372",
		"OPIS" : "dom",
		"POLOZENIE" : "Sienkiewicza 9",
		"DOKUMENT" : "isdp_mm\\zabytki\\a.372.pdf",
		"LINK" : " ",
		"json_ogc_wkt_crs" : "PROJCS[\"ETRS89 / Poland CS2000 zone 7\",GEOGCS[\"unnamed\",DATUM[\"unnamed\",SPHEROID[\"GRS 1980\",6378137,298.2572221010002]],PRIMEM[\"Greenwich\",0],UNIT[\"degree\",0.0174532925199433]],PROJECTION[\"Transverse_Mercator\"],PARAMETER[\"latitude_of_origin\",0],PARAMETER[\"central_meridian\",21],PARAMETER[\"scale_factor\",0.999923],PARAMETER[\"false_easting\",7500000],PARAMETER[\"false_northing\",0],UNIT[\"METER\",1]]",
		"json_geometry" : {
			"type" : "Point",
			"coordinates" : [ 7474126.93, 5637215.96 ]
		}
	},
	{
		"json_featuretype" : "gp_rej_zab_point",
		"FID" : 24,
		"ID" : 26,
		"NAZWA" : "Dom",
		"NR_REJ_ZAB" : "898 z 02.08.1976",
		"NR_REJ_ZA0" : "A.373",
		"OPIS" : "dom",
		"POLOZENIE" : "Sienkiewicza 11",
		"DOKUMENT" : "isdp_mm\\zabytki\\a.373.pdf",
		"LINK" : " ",
		"json_ogc_wkt_crs" : "PROJCS[\"ETRS89 / Poland CS2000 zone 7\",GEOGCS[\"unnamed\",DATUM[\"unnamed\",SPHEROID[\"GRS 1980\",6378137,298.2572221010002]],PRIMEM[\"Greenwich\",0],UNIT[\"degree\",0.0174532925199433]],PROJECTION[\"Transverse_Mercator\"],PARAMETER[\"latitude_of_origin\",0],PARAMETER[\"central_meridian\",21],PARAMETER[\"scale_factor\",0.999923],PARAMETER[\"false_easting\",7500000],PARAMETER[\"false_northing\",0],UNIT[\"METER\",1]]",
		"json_geometry" : {
			"type" : "Point",
			"coordinates" : [ 7474079.49, 5637239.5 ]
		}
	},
	{
		"json_featuretype" : "gp_rej_zab_point",
		"FID" : 25,
		"ID" : 27,
		"NAZWA" : "Dom",
		"NR_REJ_ZAB" : "890 z 24.07.1976",
		"NR_REJ_ZA0" : "A.374",
		"OPIS" : "dom",
		"POLOZENIE" : "Sienkiewicza 15",
		"DOKUMENT" : "isdp_mm\\zabytki\\a.374.pdf",
		"LINK" : " ",
		"json_ogc_wkt_crs" : "PROJCS[\"ETRS89 / Poland CS2000 zone 7\",GEOGCS[\"unnamed\",DATUM[\"unnamed\",SPHEROID[\"GRS 1980\",6378137,298.2572221010002]],PRIMEM[\"Greenwich\",0],UNIT[\"degree\",0.0174532925199433]],PROJECTION[\"Transverse_Mercator\"],PARAMETER[\"latitude_of_origin\",0],PARAMETER[\"central_meridian\",21],PARAMETER[\"scale_factor\",0.999923],PARAMETER[\"false_easting\",7500000],PARAMETER[\"false_northing\",0],UNIT[\"METER\",1]]",
		"json_geometry" : {
			"type" : "Point",
			"coordinates" : [ 7474009.62, 5637275.64 ]
		}
	},
	{
		"json_featuretype" : "gp_rej_zab_point",
		"FID" : 26,
		"ID" : 28,
		"NAZWA" : "Dom",
		"NR_REJ_ZAB" : "891 z 25.07.1976",
		"NR_REJ_ZA0" : "A.376",
		"OPIS" : "dom",
		"POLOZENIE" : "Sienkiewicza 30",
		"DOKUMENT" : "isdp_mm\\zabytki\\a.376.pdf",
		"LINK" : " ",
		"json_ogc_wkt_crs" : "PROJCS[\"ETRS89 / Poland CS2000 zone 7\",GEOGCS[\"unnamed\",DATUM[\"unnamed\",SPHEROID[\"GRS 1980\",6378137,298.2572221010002]],PRIMEM[\"Greenwich\",0],UNIT[\"degree\",0.0174532925199433]],PROJECTION[\"Transverse_Mercator\"],PARAMETER[\"latitude_of_origin\",0],PARAMETER[\"central_meridian\",21],PARAMETER[\"scale_factor\",0.999923],PARAMETER[\"false_easting\",7500000],PARAMETER[\"false_northing\",0],UNIT[\"METER\",1]]",
		"json_geometry" : {
			"type" : "Point",
			"coordinates" : [ 7473913.27, 5637343.92 ]
		}
	},
	{
		"json_featuretype" : "gp_rej_zab_point",
		"FID" : 27,
		"ID" : 29,
		"NAZWA" : "Dom",
		"NR_REJ_ZAB" : "899 z 02.08.1976",
		"NR_REJ_ZA0" : "A.379",
		"OPIS" : "dom",
		"POLOZENIE" : "Sienkiewicza 36",
		"DOKUMENT" : "isdp_mm\\zabytki\\a.379.pdf",
		"LINK" : " ",
		"json_ogc_wkt_crs" : "PROJCS[\"ETRS89 / Poland CS2000 zone 7\",GEOGCS[\"unnamed\",DATUM[\"unnamed\",SPHEROID[\"GRS 1980\",6378137,298.2572221010002]],PRIMEM[\"Greenwich\",0],UNIT[\"degree\",0.0174532925199433]],PROJECTION[\"Transverse_Mercator\"],PARAMETER[\"latitude_of_origin\",0],PARAMETER[\"central_meridian\",21],PARAMETER[\"scale_factor\",0.999923],PARAMETER[\"false_easting\",7500000],PARAMETER[\"false_northing\",0],UNIT[\"METER\",1]]",
		"json_geometry" : {
			"type" : "Point",
			"coordinates" : [ 7473789.75, 5637411.46 ]
		}
	},
	{
		"json_featuretype" : "gp_rej_zab_point",
		"FID" : 28,
		"ID" : 30,
		"NAZWA" : "Dom",
		"NR_REJ_ZAB" : "900 z 02.08.1976",
		"NR_REJ_ZA0" : "A.380",
		"OPIS" : "dom",
		"POLOZENIE" : "Sienkiewicza 38",
		"DOKUMENT" : "isdp_mm\\zabytki\\a.380.pdf",
		"LINK" : " ",
		"json_ogc_wkt_crs" : "PROJCS[\"ETRS89 / Poland CS2000 zone 7\",GEOGCS[\"unnamed\",DATUM[\"unnamed\",SPHEROID[\"GRS 1980\",6378137,298.2572221010002]],PRIMEM[\"Greenwich\",0],UNIT[\"degree\",0.0174532925199433]],PROJECTION[\"Transverse_Mercator\"],PARAMETER[\"latitude_of_origin\",0],PARAMETER[\"central_meridian\",21],PARAMETER[\"scale_factor\",0.999923],PARAMETER[\"false_easting\",7500000],PARAMETER[\"false_northing\",0],UNIT[\"METER\",1]]",
		"json_geometry" : {
			"type" : "Point",
			"coordinates" : [ 7473770.92, 5637420.74 ]
		}
	},
	{
		"json_featuretype" : "gp_rej_zab_point",
		"FID" : 29,
		"ID" : 31,
		"NAZWA" : "Dom",
		"NR_REJ_ZAB" : "902 z 02.08.1976",
		"NR_REJ_ZA0" : "A.385",
		"OPIS" : "dom",
		"POLOZENIE" : "Soowackiego 30",
		"DOKUMENT" : "isdp_mm\\zabytki\\a.385.pdf",
		"LINK" : " ",
		"json_ogc_wkt_crs" : "PROJCS[\"ETRS89 / Poland CS2000 zone 7\",GEOGCS[\"unnamed\",DATUM[\"unnamed\",SPHEROID[\"GRS 1980\",6378137,298.2572221010002]],PRIMEM[\"Greenwich\",0],UNIT[\"degree\",0.0174532925199433]],PROJECTION[\"Transverse_Mercator\"],PARAMETER[\"latitude_of_origin\",0],PARAMETER[\"central_meridian\",21],PARAMETER[\"scale_factor\",0.999923],PARAMETER[\"false_easting\",7500000],PARAMETER[\"false_northing\",0],UNIT[\"METER\",1]]",
		"json_geometry" : {
			"type" : "Point",
			"coordinates" : [ 7474026.12, 5636586.01 ]
		}
	},
	{
		"json_featuretype" : "gp_rej_zab_point",
		"FID" : 30,
		"ID" : 32,
		"NAZWA" : "Dom",
		"NR_REJ_ZAB" : "903 z 02.08.1976",
		"NR_REJ_ZA0" : "A.386",
		"OPIS" : "dom",
		"POLOZENIE" : "Soowackiego 32",
		"DOKUMENT" : "isdp_mm\\zabytki\\a.386.pdf",
		"LINK" : " ",
		"json_ogc_wkt_crs" : "PROJCS[\"ETRS89 / Poland CS2000 zone 7\",GEOGCS[\"unnamed\",DATUM[\"unnamed\",SPHEROID[\"GRS 1980\",6378137,298.2572221010002]],PRIMEM[\"Greenwich\",0],UNIT[\"degree\",0.0174532925199433]],PROJECTION[\"Transverse_Mercator\"],PARAMETER[\"latitude_of_origin\",0],PARAMETER[\"central_meridian\",21],PARAMETER[\"scale_factor\",0.999923],PARAMETER[\"false_easting\",7500000],PARAMETER[\"false_northing\",0],UNIT[\"METER\",1]]",
		"json_geometry" : {
			"type" : "Point",
			"coordinates" : [ 7474019.94, 5636569.56 ]
		}
	},
	{
		"json_featuretype" : "gp_rej_zab_point",
		"FID" : 31,
		"ID" : 33,
		"NAZWA" : "Dom",
		"NR_REJ_ZAB" : "854 z 15.05.1975",
		"NR_REJ_ZA0" : "A.390",
		"OPIS" : "dom",
		"POLOZENIE" : "Warszawska 4",
		"DOKUMENT" : "isdp_mm\\zabytki\\a.390.pdf",
		"LINK" : " ",
		"json_ogc_wkt_crs" : "PROJCS[\"ETRS89 / Poland CS2000 zone 7\",GEOGCS[\"unnamed\",DATUM[\"unnamed\",SPHEROID[\"GRS 1980\",6378137,298.2572221010002]],PRIMEM[\"Greenwich\",0],UNIT[\"degree\",0.0174532925199433]],PROJECTION[\"Transverse_Mercator\"],PARAMETER[\"latitude_of_origin\",0],PARAMETER[\"central_meridian\",21],PARAMETER[\"scale_factor\",0.999923],PARAMETER[\"false_easting\",7500000],PARAMETER[\"false_northing\",0],UNIT[\"METER\",1]]",
		"json_geometry" : {
			"type" : "Point",
			"coordinates" : [ 7474140.41, 5637523.39 ]
		}
	},
	{
		"json_featuretype" : "gp_rej_zab_point",
		"FID" : 32,
		"ID" : 34,
		"NAZWA" : "Dom",
		"NR_REJ_ZAB" : "901 z 02.08.1976",
		"NR_REJ_ZA0" : "A.392",
		"OPIS" : "dom",
		"POLOZENIE" : "Weso2a 25",
		"DOKUMENT" : "isdp_mm\\zabytki\\a.392.pdf",
		"LINK" : " ",
		"json_ogc_wkt_crs" : "PROJCS[\"ETRS89 / Poland CS2000 zone 7\",GEOGCS[\"unnamed\",DATUM[\"unnamed\",SPHEROID[\"GRS 1980\",6378137,298.2572221010002]],PRIMEM[\"Greenwich\",0],UNIT[\"degree\",0.0174532925199433]],PROJECTION[\"Transverse_Mercator\"],PARAMETER[\"latitude_of_origin\",0],PARAMETER[\"central_meridian\",21],PARAMETER[\"scale_factor\",0.999923],PARAMETER[\"false_easting\",7500000],PARAMETER[\"false_northing\",0],UNIT[\"METER\",1]]",
		"json_geometry" : {
			"type" : "Point",
			"coordinates" : [ 7474095.53, 5637163.26 ]
		}
	},
	{
		"json_featuretype" : "gp_rej_zab_point",
		"FID" : 33,
		"ID" : 35,
		"NAZWA" : "Dom",
		"NR_REJ_ZAB" : "712 z 18.03.1972",
		"NR_REJ_ZA0" : "A.393",
		"OPIS" : "dom",
		"POLOZENIE" : "Weso3a 31",
		"DOKUMENT" : "isdp_mm\\zabytki\\a.393.pdf",
		"LINK" : " ",
		"json_ogc_wkt_crs" : "PROJCS[\"ETRS89 / Poland CS2000 zone 7\",GEOGCS[\"unnamed\",DATUM[\"unnamed\",SPHEROID[\"GRS 1980\",6378137,298.2572221010002]],PRIMEM[\"Greenwich\",0],UNIT[\"degree\",0.0174532925199433]],PROJECTION[\"Transverse_Mercator\"],PARAMETER[\"latitude_of_origin\",0],PARAMETER[\"central_meridian\",21],PARAMETER[\"scale_factor\",0.999923],PARAMETER[\"false_easting\",7500000],PARAMETER[\"false_northing\",0],UNIT[\"METER\",1]]",
		"json_geometry" : {
			"type" : "Point",
			"coordinates" : [ 7474076.08, 5637086.74 ]
		}
	},
	{
		"json_featuretype" : "gp_rej_zab_point",
		"FID" : 34,
		"ID" : 36,
		"NAZWA" : "Dom",
		"NR_REJ_ZAB" : "905 z 28.08.1976",
		"NR_REJ_ZA0" : "A.398",
		"OPIS" : "dom",
		"POLOZENIE" : "deromskiego 23",
		"DOKUMENT" : "isdp_mm\\zabytki\\a.398.pdf",
		"LINK" : " ",
		"json_ogc_wkt_crs" : "PROJCS[\"ETRS89 / Poland CS2000 zone 7\",GEOGCS[\"unnamed\",DATUM[\"unnamed\",SPHEROID[\"GRS 1980\",6378137,298.2572221010002]],PRIMEM[\"Greenwich\",0],UNIT[\"degree\",0.0174532925199433]],PROJECTION[\"Transverse_Mercator\"],PARAMETER[\"latitude_of_origin\",0],PARAMETER[\"central_meridian\",21],PARAMETER[\"scale_factor\",0.999923],PARAMETER[\"false_easting\",7500000],PARAMETER[\"false_northing\",0],UNIT[\"METER\",1]]",
		"json_geometry" : {
			"type" : "Point",
			"coordinates" : [ 7474360.62, 5636653.83 ]
		}
	},
	{
		"json_featuretype" : "gp_rej_zab_point",
		"FID" : 35,
		"ID" : 37,
		"NAZWA" : "Dom",
		"NR_REJ_ZAB" : "904 z 02.08.1976",
		"NR_REJ_ZA0" : "A.399",
		"OPIS" : "dom",
		"POLOZENIE" : "deromskiego 30",
		"DOKUMENT" : "isdp_mm\\zabytki\\a.399.pdf",
		"LINK" : " ",
		"json_ogc_wkt_crs" : "PROJCS[\"ETRS89 / Poland CS2000 zone 7\",GEOGCS[\"unnamed\",DATUM[\"unnamed\",SPHEROID[\"GRS 1980\",6378137,298.2572221010002]],PRIMEM[\"Greenwich\",0],UNIT[\"degree\",0.0174532925199433]],PROJECTION[\"Transverse_Mercator\"],PARAMETER[\"latitude_of_origin\",0],PARAMETER[\"central_meridian\",21],PARAMETER[\"scale_factor\",0.999923],PARAMETER[\"false_easting\",7500000],PARAMETER[\"false_northing\",0],UNIT[\"METER\",1]]",
		"json_geometry" : {
			"type" : "Point",
			"coordinates" : [ 7474327.75, 5636644.97 ]
		}
	},
	{
		"json_featuretype" : "gp_rej_zab_point",
		"FID" : 36,
		"ID" : 38,
		"NAZWA" : "Dom",
		"NR_REJ_ZAB" : "892 z 25.07.1976",
		"NR_REJ_ZA0" : "A.381",
		"OPIS" : "zesp1",
		"POLOZENIE" : "Sienkiewicza 40",
		"DOKUMENT" : "isdp_mm\\zabytki\\a.381.pdf",
		"LINK" : " ",
		"json_ogc_wkt_crs" : "PROJCS[\"ETRS89 / Poland CS2000 zone 7\",GEOGCS[\"unnamed\",DATUM[\"unnamed\",SPHEROID[\"GRS 1980\",6378137,298.2572221010002]],PRIMEM[\"Greenwich\",0],UNIT[\"degree\",0.0174532925199433]],PROJECTION[\"Transverse_Mercator\"],PARAMETER[\"latitude_of_origin\",0],PARAMETER[\"central_meridian\",21],PARAMETER[\"scale_factor\",0.999923],PARAMETER[\"false_easting\",7500000],PARAMETER[\"false_northing\",0],UNIT[\"METER\",1]]",
		"json_geometry" : {
			"type" : "Point",
			"coordinates" : [ 7473751.84, 5637430.72 ]
		}
	},
	{
		"json_featuretype" : "gp_rej_zab_point",
		"FID" : 37,
		"ID" : 39,
		"NAZWA" : "Dom pisarza prowent. i praczki",
		"NR_REJ_ZAB" : "2 z 08.04.1999r.",
		"NR_REJ_ZA0" : "A.2",
		"OPIS" : "budynek dawnego domu prowentowego i praczki wraz z terenem w granicach dzia",
		"POLOZENIE" : "Zamkowa 7",
		"DOKUMENT" : " ",
		"LINK" : " ",
		"json_ogc_wkt_crs" : "PROJCS[\"ETRS89 / Poland CS2000 zone 7\",GEOGCS[\"unnamed\",DATUM[\"unnamed\",SPHEROID[\"GRS 1980\",6378137,298.2572221010002]],PRIMEM[\"Greenwich\",0],UNIT[\"degree\",0.0174532925199433]],PROJECTION[\"Transverse_Mercator\"],PARAMETER[\"latitude_of_origin\",0],PARAMETER[\"central_meridian\",21],PARAMETER[\"scale_factor\",0.999923],PARAMETER[\"false_easting\",7500000],PARAMETER[\"false_northing\",0],UNIT[\"METER\",1]]",
		"json_geometry" : {
			"type" : "Point",
			"coordinates" : [ 7473646.89, 5637090.55 ]
		}
	},
	{
		"json_featuretype" : "gp_rej_zab_point",
		"FID" : 38,
		"ID" : 40,
		"NAZWA" : "Dom goacinny",
		"NR_REJ_ZAB" : "8 z 27.03.2007",
		"NR_REJ_ZA0" : "A.8",
		"OPIS" : "dawny Dom Go0cinny wraz z terenem w granicach dzia ki",
		"POLOZENIE" : "Plac Marii Panny 1",
		"DOKUMENT" : "isdp_mm\\zabytki\\a.8.pdf",
		"LINK" : " ",
		"json_ogc_wkt_crs" : "PROJCS[\"ETRS89 / Poland CS2000 zone 7\",GEOGCS[\"unnamed\",DATUM[\"unnamed\",SPHEROID[\"GRS 1980\",6378137,298.2572221010002]],PRIMEM[\"Greenwich\",0],UNIT[\"degree\",0.0174532925199433]],PROJECTION[\"Transverse_Mercator\"],PARAMETER[\"latitude_of_origin\",0],PARAMETER[\"central_meridian\",21],PARAMETER[\"scale_factor\",0.999923],PARAMETER[\"false_easting\",7500000],PARAMETER[\"false_northing\",0],UNIT[\"METER\",1]]",
		"json_geometry" : {
			"type" : "Point",
			"coordinates" : [ 7473859.58, 5637202.88 ]
		}
	},
	{
		"json_featuretype" : "gp_rej_zab_point",
		"FID" : 39,
		"ID" : 41,
		"NAZWA" : "Dworek",
		"NR_REJ_ZAB" : "324 z 03.12.1956 oraz 261 z 08.05.1971",
		"NR_REJ_ZA0" : "A.356",
		"OPIS" : "dom, tzw. psiarnia",
		"POLOZENIE" : "Ogrodowa 5",
		"DOKUMENT" : "isdp_mm\\zabytki\\a.356.pdf",
		"LINK" : " ",
		"json_ogc_wkt_crs" : "PROJCS[\"ETRS89 / Poland CS2000 zone 7\",GEOGCS[\"unnamed\",DATUM[\"unnamed\",SPHEROID[\"GRS 1980\",6378137,298.2572221010002]],PRIMEM[\"Greenwich\",0],UNIT[\"degree\",0.0174532925199433]],PROJECTION[\"Transverse_Mercator\"],PARAMETER[\"latitude_of_origin\",0],PARAMETER[\"central_meridian\",21],PARAMETER[\"scale_factor\",0.999923],PARAMETER[\"false_easting\",7500000],PARAMETER[\"false_northing\",0],UNIT[\"METER\",1]]",
		"json_geometry" : {
			"type" : "Point",
			"coordinates" : [ 7473587.44, 5636876.74 ]
		}
	},
	{
		"json_featuretype" : "gp_rej_zab_point",
		"FID" : 40,
		"ID" : 42,
		"NAZWA" : "Bank z oficynk",
		"NR_REJ_ZAB" : "878 z 15.07.1976",
		"NR_REJ_ZA0" : "A.349",
		"OPIS" : "bank z oficyn9",
		"POLOZENIE" : "bw. Leonarda 2",
		"DOKUMENT" : "isdp_mm\\zabytki\\a.349.pdf",
		"LINK" : " ",
		"json_ogc_wkt_crs" : "PROJCS[\"ETRS89 / Poland CS2000 zone 7\",GEOGCS[\"unnamed\",DATUM[\"unnamed\",SPHEROID[\"GRS 1980\",6378137,298.2572221010002]],PRIMEM[\"Greenwich\",0],UNIT[\"degree\",0.0174532925199433]],PROJECTION[\"Transverse_Mercator\"],PARAMETER[\"latitude_of_origin\",0],PARAMETER[\"central_meridian\",21],PARAMETER[\"scale_factor\",0.999923],PARAMETER[\"false_easting\",7500000],PARAMETER[\"false_northing\",0],UNIT[\"METER\",1]]",
		"json_geometry" : {
			"type" : "Point",
			"coordinates" : [ 7474327.37, 5637191.11 ]
		}
	},
	{
		"json_featuretype" : "gp_rej_zab_point",
		"FID" : 41,
		"ID" : 43,
		"NAZWA" : "Dom",
		"NR_REJ_ZAB" : "887 z 24.07.1976",
		"NR_REJ_ZA0" : "A.350",
		"OPIS" : "dom",
		"POLOZENIE" : "dw. Leonarda 4",
		"DOKUMENT" : "isdp_mm\\zabytki\\a.350.pdf",
		"LINK" : " ",
		"json_ogc_wkt_crs" : "PROJCS[\"ETRS89 / Poland CS2000 zone 7\",GEOGCS[\"unnamed\",DATUM[\"unnamed\",SPHEROID[\"GRS 1980\",6378137,298.2572221010002]],PRIMEM[\"Greenwich\",0],UNIT[\"degree\",0.0174532925199433]],PROJECTION[\"Transverse_Mercator\"],PARAMETER[\"latitude_of_origin\",0],PARAMETER[\"central_meridian\",21],PARAMETER[\"scale_factor\",0.999923],PARAMETER[\"false_easting\",7500000],PARAMETER[\"false_northing\",0],UNIT[\"METER\",1]]",
		"json_geometry" : {
			"type" : "Point",
			"coordinates" : [ 7474280.49, 5637225.15 ]
		}
	},
	{
		"json_featuretype" : "gp_rej_zab_point",
		"FID" : 42,
		"ID" : 44,
		"NAZWA" : "Hipoteka Wojewidzka",
		"NR_REJ_ZAB" : "575 z 06.09.1971",
		"NR_REJ_ZA0" : "A.370",
		"OPIS" : "hipoteka",
		"POLOZENIE" : "Sienkiewicza 5",
		"DOKUMENT" : "isdp_mm\\zabytki\\a.370.pdf",
		"LINK" : " ",
		"json_ogc_wkt_crs" : "PROJCS[\"ETRS89 / Poland CS2000 zone 7\",GEOGCS[\"unnamed\",DATUM[\"unnamed\",SPHEROID[\"GRS 1980\",6378137,298.2572221010002]],PRIMEM[\"Greenwich\",0],UNIT[\"degree\",0.0174532925199433]],PROJECTION[\"Transverse_Mercator\"],PARAMETER[\"latitude_of_origin\",0],PARAMETER[\"central_meridian\",21],PARAMETER[\"scale_factor\",0.999923],PARAMETER[\"false_easting\",7500000],PARAMETER[\"false_northing\",0],UNIT[\"METER\",1]]",
		"json_geometry" : {
			"type" : "Point",
			"coordinates" : [ 7474240.67, 5637156 ]
		}
	},
	{
		"json_featuretype" : "gp_rej_zab_point",
		"FID" : 43,
		"ID" : 45,
		"NAZWA" : "Hotel \"Bristol\"",
		"NR_REJ_ZAB" : "874 z 30.03.1976",
		"NR_REJ_ZA0" : "A.375",
		"OPIS" : "hotel i budynek oficyny",
		"POLOZENIE" : "Sienkiewicza 21 - hotel, ul. Kapitulna  - oficyna",
		"DOKUMENT" : "isdp_mm\\zabytki\\a.375.pdf",
		"LINK" : " ",
		"json_ogc_wkt_crs" : "PROJCS[\"ETRS89 / Poland CS2000 zone 7\",GEOGCS[\"unnamed\",DATUM[\"unnamed\",SPHEROID[\"GRS 1980\",6378137,298.2572221010002]],PRIMEM[\"Greenwich\",0],UNIT[\"degree\",0.0174532925199433]],PROJECTION[\"Transverse_Mercator\"],PARAMETER[\"latitude_of_origin\",0],PARAMETER[\"central_meridian\",21],PARAMETER[\"scale_factor\",0.999923],PARAMETER[\"false_easting\",7500000],PARAMETER[\"false_northing\",0],UNIT[\"METER\",1]]",
		"json_geometry" : {
			"type" : "Point",
			"coordinates" : [ 7473880.99, 5637339.04 ]
		}
	},
	{
		"json_featuretype" : "gp_rej_zab_point",
		"FID" : 44,
		"ID" : 46,
		"NAZWA" : "Hotel",
		"NR_REJ_ZAB" : "730 z 09.04.1972",
		"NR_REJ_ZA0" : "A.378",
		"OPIS" : "dawny hotel \"Polski\"",
		"POLOZENIE" : "Sienkiewicza 32",
		"DOKUMENT" : "isdp_mm\\zabytki\\a.378.pdf",
		"LINK" : " ",
		"json_ogc_wkt_crs" : "PROJCS[\"ETRS89 / Poland CS2000 zone 7\",GEOGCS[\"unnamed\",DATUM[\"unnamed\",SPHEROID[\"GRS 1980\",6378137,298.2572221010002]],PRIMEM[\"Greenwich\",0],UNIT[\"degree\",0.0174532925199433]],PROJECTION[\"Transverse_Mercator\"],PARAMETER[\"latitude_of_origin\",0],PARAMETER[\"central_meridian\",21],PARAMETER[\"scale_factor\",0.999923],PARAMETER[\"false_easting\",7500000],PARAMETER[\"false_northing\",0],UNIT[\"METER\",1]]",
		"json_geometry" : {
			"type" : "Point",
			"coordinates" : [ 7473873.08, 5637364.77 ]
		}
	},
	{
		"json_featuretype" : "gp_rej_zab_point",
		"FID" : 45,
		"ID" : 47,
		"NAZWA" : "Hotel \"Wersal\"",
		"NR_REJ_ZAB" : "810 z 19.01.1973",
		"NR_REJ_ZA0" : "A.377",
		"OPIS" : "hotel \"Versal\"",
		"POLOZENIE" : "Sienkiewicza 31",
		"DOKUMENT" : "isdp_mm\\zabytki\\a.377.pdf",
		"LINK" : " ",
		"json_ogc_wkt_crs" : "PROJCS[\"ETRS89 / Poland CS2000 zone 7\",GEOGCS[\"unnamed\",DATUM[\"unnamed\",SPHEROID[\"GRS 1980\",6378137,298.2572221010002]],PRIMEM[\"Greenwich\",0],UNIT[\"degree\",0.0174532925199433]],PROJECTION[\"Transverse_Mercator\"],PARAMETER[\"latitude_of_origin\",0],PARAMETER[\"central_meridian\",21],PARAMETER[\"scale_factor\",0.999923],PARAMETER[\"false_easting\",7500000],PARAMETER[\"false_northing\",0],UNIT[\"METER\",1]]",
		"json_geometry" : {
			"type" : "Point",
			"coordinates" : [ 7473724.62, 5637397.77 ]
		}
	},
	{
		"json_featuretype" : "gp_rej_zab_point",
		"FID" : 46,
		"ID" : 48,
		"NAZWA" : "Kanonia \"Tumlin\"",
		"NR_REJ_ZAB" : "503 z 06.09.1971",
		"NR_REJ_ZA0" : "A.339",
		"OPIS" : "dawna kanonia Tumlin",
		"POLOZENIE" : "Jana Pawna II 1",
		"DOKUMENT" : "isdp_mm\\zabytki\\a.339.pdf",
		"LINK" : " ",
		"json_ogc_wkt_crs" : "PROJCS[\"ETRS89 / Poland CS2000 zone 7\",GEOGCS[\"unnamed\",DATUM[\"unnamed\",SPHEROID[\"GRS 1980\",6378137,298.2572221010002]],PRIMEM[\"Greenwich\",0],UNIT[\"degree\",0.0174532925199433]],PROJECTION[\"Transverse_Mercator\"],PARAMETER[\"latitude_of_origin\",0],PARAMETER[\"central_meridian\",21],PARAMETER[\"scale_factor\",0.999923],PARAMETER[\"false_easting\",7500000],PARAMETER[\"false_northing\",0],UNIT[\"METER\",1]]",
		"json_geometry" : {
			"type" : "Point",
			"coordinates" : [ 7473938.04, 5637166.95 ]
		}
	},
	{
		"json_featuretype" : "gp_rej_zab_point",
		"FID" : 47,
		"ID" : 49,
		"NAZWA" : "Dom",
		"NR_REJ_ZAB" : "884 z 24.07.1976",
		"NR_REJ_ZA0" : "A.355",
		"OPIS" : "dom",
		"POLOZENIE" : "Ogrodowa 3",
		"DOKUMENT" : "isdp_mm\\zabytki\\a.355.pdf",
		"LINK" : " ",
		"json_ogc_wkt_crs" : "PROJCS[\"ETRS89 / Poland CS2000 zone 7\",GEOGCS[\"unnamed\",DATUM[\"unnamed\",SPHEROID[\"GRS 1980\",6378137,298.2572221010002]],PRIMEM[\"Greenwich\",0],UNIT[\"degree\",0.0174532925199433]],PROJECTION[\"Transverse_Mercator\"],PARAMETER[\"latitude_of_origin\",0],PARAMETER[\"central_meridian\",21],PARAMETER[\"scale_factor\",0.999923],PARAMETER[\"false_easting\",7500000],PARAMETER[\"false_northing\",0],UNIT[\"METER\",1]]",
		"json_geometry" : {
			"type" : "Point",
			"coordinates" : [ 7473645.91, 5636850.59 ]
		}
	},
	{
		"json_featuretype" : "gp_rej_zab_point",
		"FID" : 48,
		"ID" : 50,
		"NAZWA" : "pl. Panny Marii - uk5ad przestrzenny",
		"NR_REJ_ZAB" : "918 z 14.08.1976",
		"NR_REJ_ZA0" : "A.357",
		"OPIS" : "plac Panny Marii",
		"POLOZENIE" : "Pl. Panny Marii",
		"DOKUMENT" : "isdp_mm\\zabytki\\a.357.pdf",
		"LINK" : " ",
		"json_ogc_wkt_crs" : "PROJCS[\"ETRS89 / Poland CS2000 zone 7\",GEOGCS[\"unnamed\",DATUM[\"unnamed\",SPHEROID[\"GRS 1980\",6378137,298.2572221010002]],PRIMEM[\"Greenwich\",0],UNIT[\"degree\",0.0174532925199433]],PROJECTION[\"Transverse_Mercator\"],PARAMETER[\"latitude_of_origin\",0],PARAMETER[\"central_meridian\",21],PARAMETER[\"scale_factor\",0.999923],PARAMETER[\"false_easting\",7500000],PARAMETER[\"false_northing\",0],UNIT[\"METER\",1]]",
		"json_geometry" : {
			"type" : "Point",
			"coordinates" : [ 7473899.49, 5637185.53 ]
		}
	},
	{
		"json_featuretype" : "gp_rej_zab_point",
		"FID" : 49,
		"ID" : 51,
		"NAZWA" : "plac Wolnobci - uk3ad przestrzenny i architektura",
		"NR_REJ_ZAB" : "526 z 22.03.1968 oraz 917 z 14.08.1976",
		"NR_REJ_ZA0" : "A.395",
		"OPIS" : "uk3ad przestrzenny i architektura",
		"POLOZENIE" : "pl. Wolnoeci",
		"DOKUMENT" : "isdp_mm\\zabytki\\a.395.pdf",
		"LINK" : " ",
		"json_ogc_wkt_crs" : "PROJCS[\"ETRS89 / Poland CS2000 zone 7\",GEOGCS[\"unnamed\",DATUM[\"unnamed\",SPHEROID[\"GRS 1980\",6378137,298.2572221010002]],PRIMEM[\"Greenwich\",0],UNIT[\"degree\",0.0174532925199433]],PROJECTION[\"Transverse_Mercator\"],PARAMETER[\"latitude_of_origin\",0],PARAMETER[\"central_meridian\",21],PARAMETER[\"scale_factor\",0.999923],PARAMETER[\"false_easting\",7500000],PARAMETER[\"false_northing\",0],UNIT[\"METER\",1]]",
		"json_geometry" : {
			"type" : "Point",
			"coordinates" : [ 7474237.83, 5636998.06 ]
		}
	},
	{
		"json_featuretype" : "gp_rej_zab_point",
		"FID" : 50,
		"ID" : 52,
		"NAZWA" : "Rynek - ukbad przestrzenny",
		"NR_REJ_ZAB" : "916 z 14.08.1976",
		"NR_REJ_ZA0" : "A.358",
		"OPIS" : "Rynek z wylotami ulic",
		"POLOZENIE" : "Rynek",
		"DOKUMENT" : "isdp_mm\\zabytki\\a.358.pdf",
		"LINK" : " ",
		"json_ogc_wkt_crs" : "PROJCS[\"ETRS89 / Poland CS2000 zone 7\",GEOGCS[\"unnamed\",DATUM[\"unnamed\",SPHEROID[\"GRS 1980\",6378137,298.2572221010002]],PRIMEM[\"Greenwich\",0],UNIT[\"degree\",0.0174532925199433]],PROJECTION[\"Transverse_Mercator\"],PARAMETER[\"latitude_of_origin\",0],PARAMETER[\"central_meridian\",21],PARAMETER[\"scale_factor\",0.999923],PARAMETER[\"false_easting\",7500000],PARAMETER[\"false_northing\",0],UNIT[\"METER\",1]]",
		"json_geometry" : {
			"type" : "Point",
			"coordinates" : [ 7474066.43, 5637435.04 ]
		}
	},
	{
		"json_featuretype" : "gp_rej_zab_point",
		"FID" : 51,
		"ID" : 53,
		"NAZWA" : "Rezerwat geologiczny \"Kadzielnia\"",
		"NR_REJ_ZAB" : "3 z 25.05.1946 oraz 286 z 15.02.1967",
		"NR_REJ_ZA0" : "A.334",
		"OPIS" : "rezerwat geologiczno-przyrodniczy \"Kadzielnia\"",
		"POLOZENIE" : " ",
		"DOKUMENT" : "isdp_mm\\zabytki\\a.334.pdf",
		"LINK" : " ",
		"json_ogc_wkt_crs" : "PROJCS[\"ETRS89 / Poland CS2000 zone 7\",GEOGCS[\"unnamed\",DATUM[\"unnamed\",SPHEROID[\"GRS 1980\",6378137,298.2572221010002]],PRIMEM[\"Greenwich\",0],UNIT[\"degree\",0.0174532925199433]],PROJECTION[\"Transverse_Mercator\"],PARAMETER[\"latitude_of_origin\",0],PARAMETER[\"central_meridian\",21],PARAMETER[\"scale_factor\",0.999923],PARAMETER[\"false_easting\",7500000],PARAMETER[\"false_northing\",0],UNIT[\"METER\",1]]",
		"json_geometry" : {
			"type" : "Point",
			"coordinates" : [ 7473038.73, 5636243.93 ]
		}
	},
	{
		"json_featuretype" : "gp_rej_zab_point",
		"FID" : 52,
		"ID" : 54,
		"NAZWA" : "S",
		"NR_REJ_ZAB" : "1126 z 13.09.1991",
		"NR_REJ_ZA0" : "A.367",
		"OPIS" : "budynek S.du",
		"POLOZENIE" : "Seminaryjska 12A",
		"DOKUMENT" : "isdp_mm\\zabytki\\a.367.pdf",
		"LINK" : " ",
		"json_ogc_wkt_crs" : "PROJCS[\"ETRS89 / Poland CS2000 zone 7\",GEOGCS[\"unnamed\",DATUM[\"unnamed\",SPHEROID[\"GRS 1980\",6378137,298.2572221010002]],PRIMEM[\"Greenwich\",0],UNIT[\"degree\",0.0174532925199433]],PROJECTION[\"Transverse_Mercator\"],PARAMETER[\"latitude_of_origin\",0],PARAMETER[\"central_meridian\",21],PARAMETER[\"scale_factor\",0.999923],PARAMETER[\"false_easting\",7500000],PARAMETER[\"false_northing\",0],UNIT[\"METER\",1]]",
		"json_geometry" : {
			"type" : "Point",
			"coordinates" : [ 7474324.57, 5636717.22 ]
		}
	},
	{
		"json_featuretype" : "gp_rej_zab_point",
		"FID" : 53,
		"ID" : 55,
		"NAZWA" : "Straznica Ogniowa",
		"NR_REJ_ZAB" : "881 z 15.07.1976:(remiza straiacka i stajnie)",
		"NR_REJ_ZA0" : "A.352",
		"OPIS" : "budynki Stra1y Po(arnej",
		"POLOZENIE" : "bw. Leonarda 10",
		"DOKUMENT" : "isdp_mm\\zabytki\\a.352.pdf",
		"LINK" : " ",
		"json_ogc_wkt_crs" : "PROJCS[\"ETRS89 / Poland CS2000 zone 7\",GEOGCS[\"unnamed\",DATUM[\"unnamed\",SPHEROID[\"GRS 1980\",6378137,298.2572221010002]],PRIMEM[\"Greenwich\",0],UNIT[\"degree\",0.0174532925199433]],PROJECTION[\"Transverse_Mercator\"],PARAMETER[\"latitude_of_origin\",0],PARAMETER[\"central_meridian\",21],PARAMETER[\"scale_factor\",0.999923],PARAMETER[\"false_easting\",7500000],PARAMETER[\"false_northing\",0],UNIT[\"METER\",1]]",
		"json_geometry" : {
			"type" : "Point",
			"coordinates" : [ 7474217.81, 5637276.08 ]
		}
	},
	{
		"json_featuretype" : "gp_rej_zab_point",
		"FID" : 54,
		"ID" : 56,
		"NAZWA" : "Budynek szkoty",
		"NR_REJ_ZAB" : "880 z 15.07.1976",
		"NR_REJ_ZA0" : "A.388",
		"OPIS" : "budynek II LO",
		"POLOZENIE" : "bniadeckich 9",
		"DOKUMENT" : "isdp_mm\\zabytki\\a.388.pdf",
		"LINK" : " ",
		"json_ogc_wkt_crs" : "PROJCS[\"ETRS89 / Poland CS2000 zone 7\",GEOGCS[\"unnamed\",DATUM[\"unnamed\",SPHEROID[\"GRS 1980\",6378137,298.2572221010002]],PRIMEM[\"Greenwich\",0],UNIT[\"degree\",0.0174532925199433]],PROJECTION[\"Transverse_Mercator\"],PARAMETER[\"latitude_of_origin\",0],PARAMETER[\"central_meridian\",21],PARAMETER[\"scale_factor\",0.999923],PARAMETER[\"false_easting\",7500000],PARAMETER[\"false_northing\",0],UNIT[\"METER\",1]]",
		"json_geometry" : {
			"type" : "Point",
			"coordinates" : [ 7474258.96, 5636819.6 ]
		}
	},
	{
		"json_featuretype" : "gp_rej_zab_point",
		"FID" : 55,
		"ID" : 57,
		"NAZWA" : "Towarzystwo Wzajemnego Kredytu",
		"NR_REJ_ZAB" : "742 z 09.04.1972",
		"NR_REJ_ZA0" : "A.382",
		"OPIS" : "bank",
		"POLOZENIE" : "Sienkiewicza 47",
		"DOKUMENT" : "isdp_mm\\zabytki\\a.382.pdf",
		"LINK" : " ",
		"json_ogc_wkt_crs" : "PROJCS[\"ETRS89 / Poland CS2000 zone 7\",GEOGCS[\"unnamed\",DATUM[\"unnamed\",SPHEROID[\"GRS 1980\",6378137,298.2572221010002]],PRIMEM[\"Greenwich\",0],UNIT[\"degree\",0.0174532925199433]],PROJECTION[\"Transverse_Mercator\"],PARAMETER[\"latitude_of_origin\",0],PARAMETER[\"central_meridian\",21],PARAMETER[\"scale_factor\",0.999923],PARAMETER[\"false_easting\",7500000],PARAMETER[\"false_northing\",0],UNIT[\"METER\",1]]",
		"json_geometry" : {
			"type" : "Point",
			"coordinates" : [ 7473537.95, 5637506.6 ]
		}
	},
	{
		"json_featuretype" : "gp_rej_zab_point",
		"FID" : 56,
		"ID" : 58,
		"NAZWA" : "fasady dombw ul. Leonarda",
		"NR_REJ_ZAB" : "919 z 14.08.1976",
		"NR_REJ_ZA0" : "A.348",
		"OPIS" : "zabudowa ulicy 6w. Leonarda",
		"POLOZENIE" : "zw. Leonarda",
		"DOKUMENT" : "isdp_mm\\zabytki\\a.348.pdf",
		"LINK" : " ",
		"json_ogc_wkt_crs" : "PROJCS[\"ETRS89 / Poland CS2000 zone 7\",GEOGCS[\"unnamed\",DATUM[\"unnamed\",SPHEROID[\"GRS 1980\",6378137,298.2572221010002]],PRIMEM[\"Greenwich\",0],UNIT[\"degree\",0.0174532925199433]],PROJECTION[\"Transverse_Mercator\"],PARAMETER[\"latitude_of_origin\",0],PARAMETER[\"central_meridian\",21],PARAMETER[\"scale_factor\",0.999923],PARAMETER[\"false_easting\",7500000],PARAMETER[\"false_northing\",0],UNIT[\"METER\",1]]",
		"json_geometry" : {
			"type" : "Point",
			"coordinates" : [ 7474248.77, 5637238.29 ]
		}
	},
	{
		"json_featuretype" : "gp_rej_zab_point",
		"FID" : 57,
		"ID" : 59,
		"NAZWA" : "fasady dombw - ul. Sienkiewicza",
		"NR_REJ_ZAB" : "920 z 14.08.1976",
		"NR_REJ_ZA0" : "A.368",
		"OPIS" : "zabudowa ul. Sienkiewicza od pl. Moniuszki do ul. Paderewskiego",
		"POLOZENIE" : "Sienkiewicza",
		"DOKUMENT" : "isdp_mm\\zabytki\\a.368.pdf",
		"LINK" : " ",
		"json_ogc_wkt_crs" : "PROJCS[\"ETRS89 / Poland CS2000 zone 7\",GEOGCS[\"unnamed\",DATUM[\"unnamed\",SPHEROID[\"GRS 1980\",6378137,298.2572221010002]],PRIMEM[\"Greenwich\",0],UNIT[\"degree\",0.0174532925199433]],PROJECTION[\"Transverse_Mercator\"],PARAMETER[\"latitude_of_origin\",0],PARAMETER[\"central_meridian\",21],PARAMETER[\"scale_factor\",0.999923],PARAMETER[\"false_easting\",7500000],PARAMETER[\"false_northing\",0],UNIT[\"METER\",1]]",
		"json_geometry" : {
			"type" : "Point",
			"coordinates" : [ 7473963.14, 5637310.59 ]
		}
	},
	{
		"json_featuretype" : "gp_rej_zab_point",
		"FID" : 58,
		"ID" : 60,
		"NAZWA" : "fasady dombw - ul. Duza",
		"NR_REJ_ZAB" : "922 z 14.08.1976",
		"NR_REJ_ZA0" : "A.337",
		"OPIS" : "zabudowa ul. Du6ej i ul. Jana PawMa II",
		"POLOZENIE" : "Duba",
		"DOKUMENT" : "isdp_mm\\zabytki\\a.337.pdf",
		"LINK" : " ",
		"json_ogc_wkt_crs" : "PROJCS[\"ETRS89 / Poland CS2000 zone 7\",GEOGCS[\"unnamed\",DATUM[\"unnamed\",SPHEROID[\"GRS 1980\",6378137,298.2572221010002]],PRIMEM[\"Greenwich\",0],UNIT[\"degree\",0.0174532925199433]],PROJECTION[\"Transverse_Mercator\"],PARAMETER[\"latitude_of_origin\",0],PARAMETER[\"central_meridian\",21],PARAMETER[\"scale_factor\",0.999923],PARAMETER[\"false_easting\",7500000],PARAMETER[\"false_northing\",0],UNIT[\"METER\",1]]",
		"json_geometry" : {
			"type" : "Point",
			"coordinates" : [ 7473956.21, 5637250.87 ]
		}
	},
	{
		"json_featuretype" : "gp_rej_zab_point",
		"FID" : 59,
		"ID" : 61,
		"NAZWA" : "fasady dombw - ul. Wesoda",
		"NR_REJ_ZAB" : "921 z 14.08.1976",
		"NR_REJ_ZA0" : "A.391",
		"OPIS" : "zabudowa ul. Weso.ej od ul. Sienkiewicza do ul. Seminaryjskiej",
		"POLOZENIE" : "Wesoda od ul. Sienkiewicza do ul. Seminaryjskiej",
		"DOKUMENT" : "isdp_mm\\zabytki\\a.391.pdf",
		"LINK" : " ",
		"json_ogc_wkt_crs" : "PROJCS[\"ETRS89 / Poland CS2000 zone 7\",GEOGCS[\"unnamed\",DATUM[\"unnamed\",SPHEROID[\"GRS 1980\",6378137,298.2572221010002]],PRIMEM[\"Greenwich\",0],UNIT[\"degree\",0.0174532925199433]],PROJECTION[\"Transverse_Mercator\"],PARAMETER[\"latitude_of_origin\",0],PARAMETER[\"central_meridian\",21],PARAMETER[\"scale_factor\",0.999923],PARAMETER[\"false_easting\",7500000],PARAMETER[\"false_northing\",0],UNIT[\"METER\",1]]",
		"json_geometry" : {
			"type" : "Point",
			"coordinates" : [ 7474078.84, 5637134.24 ]
		}
	},
	{
		"json_featuretype" : "gp_rej_zab_point",
		"FID" : 60,
		"ID" : 62,
		"NAZWA" : "fasady dombw - ul. Jana Pawda II",
		"NR_REJ_ZAB" : "922 z 14.08.1976",
		"NR_REJ_ZA0" : "A.337",
		"OPIS" : "zabudowa ul. Du6ej i ul. Jana Paw a II",
		"POLOZENIE" : "Jana Paw u II",
		"DOKUMENT" : "isdp_mm\\zabytki\\a.337.pdf",
		"LINK" : " ",
		"json_ogc_wkt_crs" : "PROJCS[\"ETRS89 / Poland CS2000 zone 7\",GEOGCS[\"unnamed\",DATUM[\"unnamed\",SPHEROID[\"GRS 1980\",6378137,298.2572221010002]],PRIMEM[\"Greenwich\",0],UNIT[\"degree\",0.0174532925199433]],PROJECTION[\"Transverse_Mercator\"],PARAMETER[\"latitude_of_origin\",0],PARAMETER[\"central_meridian\",21],PARAMETER[\"scale_factor\",0.999923],PARAMETER[\"false_easting\",7500000],PARAMETER[\"false_northing\",0],UNIT[\"METER\",1]]",
		"json_geometry" : {
			"type" : "Point",
			"coordinates" : [ 7473915.2, 5637091.88 ]
		}
	},
	{
		"json_featuretype" : "gp_rej_zab_point",
		"FID" : 61,
		"ID" : 63,
		"NAZWA" : "Willa",
		"NR_REJ_ZAB" : "841 z 15.03.1975",
		"NR_REJ_ZA0" : "A.400",
		"OPIS" : "dom",
		"POLOZENIE" : "deromskiego 34a",
		"DOKUMENT" : "isdp_mm\\zabytki\\a.400.pdf",
		"LINK" : " ",
		"json_ogc_wkt_crs" : "PROJCS[\"ETRS89 / Poland CS2000 zone 7\",GEOGCS[\"unnamed\",DATUM[\"unnamed\",SPHEROID[\"GRS 1980\",6378137,298.2572221010002]],PRIMEM[\"Greenwich\",0],UNIT[\"degree\",0.0174532925199433]],PROJECTION[\"Transverse_Mercator\"],PARAMETER[\"latitude_of_origin\",0],PARAMETER[\"central_meridian\",21],PARAMETER[\"scale_factor\",0.999923],PARAMETER[\"false_easting\",7500000],PARAMETER[\"false_northing\",0],UNIT[\"METER\",1]]",
		"json_geometry" : {
			"type" : "Point",
			"coordinates" : [ 7474305.21, 5636587.78 ]
		}
	},
	{
		"json_featuretype" : "gp_rej_zab_point",
		"FID" : 62,
		"ID" : 64,
		"NAZWA" : "Zajazd",
		"NR_REJ_ZAB" : "746 z 09.04.1972",
		"NR_REJ_ZA0" : "A.363",
		"OPIS" : "dom",
		"POLOZENIE" : "Rynek 12",
		"DOKUMENT" : "isdp_mm\\zabytki\\a.363.pdf",
		"LINK" : " ",
		"json_ogc_wkt_crs" : "PROJCS[\"ETRS89 / Poland CS2000 zone 7\",GEOGCS[\"unnamed\",DATUM[\"unnamed\",SPHEROID[\"GRS 1980\",6378137,298.2572221010002]],PRIMEM[\"Greenwich\",0],UNIT[\"degree\",0.0174532925199433]],PROJECTION[\"Transverse_Mercator\"],PARAMETER[\"latitude_of_origin\",0],PARAMETER[\"central_meridian\",21],PARAMETER[\"scale_factor\",0.999923],PARAMETER[\"false_easting\",7500000],PARAMETER[\"false_northing\",0],UNIT[\"METER\",1]]",
		"json_geometry" : {
			"type" : "Point",
			"coordinates" : [ 7474090.75, 5637384.12 ]
		}
	},
	{
		"json_featuretype" : "gp_rej_zab_point",
		"FID" : 63,
		"ID" : 65,
		"NAZWA" : "Cerkiew",
		"NR_REJ_ZAB" : "877 z 15.07.1976",
		"NR_REJ_ZA0" : "A.326",
		"OPIS" : "ko3ci",
		"POLOZENIE" : "Checi",
		"DOKUMENT" : "isdp_mm\\zabytki\\a.326.pdf",
		"LINK" : " ",
		"json_ogc_wkt_crs" : "PROJCS[\"ETRS89 / Poland CS2000 zone 7\",GEOGCS[\"unnamed\",DATUM[\"unnamed\",SPHEROID[\"GRS 1980\",6378137,298.2572221010002]],PRIMEM[\"Greenwich\",0],UNIT[\"degree\",0.0174532925199433]],PROJECTION[\"Transverse_Mercator\"],PARAMETER[\"latitude_of_origin\",0],PARAMETER[\"central_meridian\",21],PARAMETER[\"scale_factor\",0.999923],PARAMETER[\"false_easting\",7500000],PARAMETER[\"false_northing\",0],UNIT[\"METER\",1]]",
		"json_geometry" : {
			"type" : "Point",
			"coordinates" : [ 7473143.19, 5636980.41 ]
		}
	},
	{
		"json_featuretype" : "gp_rej_zab_point",
		"FID" : 64,
		"ID" : 66,
		"NAZWA" : "Dom",
		"NR_REJ_ZAB" : "72 z 14.01.1933 oraz 731 z 09.04.1972",
		"NR_REJ_ZA0" : "A.366",
		"OPIS" : "dom",
		"POLOZENIE" : "Rynek 18/Ma1a 1",
		"DOKUMENT" : "isdp_mm\\zabytki\\a.366.pdf",
		"LINK" : " ",
		"json_ogc_wkt_crs" : "PROJCS[\"ETRS89 / Poland CS2000 zone 7\",GEOGCS[\"unnamed\",DATUM[\"unnamed\",SPHEROID[\"GRS 1980\",6378137,298.2572221010002]],PRIMEM[\"Greenwich\",0],UNIT[\"degree\",0.0174532925199433]],PROJECTION[\"Transverse_Mercator\"],PARAMETER[\"latitude_of_origin\",0],PARAMETER[\"central_meridian\",21],PARAMETER[\"scale_factor\",0.999923],PARAMETER[\"false_easting\",7500000],PARAMETER[\"false_northing\",0],UNIT[\"METER\",1]]",
		"json_geometry" : {
			"type" : "Point",
			"coordinates" : [ 7474016.82, 5637423.67 ]
		}
	},
	{
		"json_featuretype" : "gp_rej_zab_point",
		"FID" : 65,
		"ID" : 67,
		"NAZWA" : "zesp_m dawnego Domu Wychowania Fizycznego i Przysposobienia Obronnego im. J",
		"NR_REJ_ZAB" : "879 z 1507.1976r.",
		"NR_REJ_ZA0" : "A.3/1-5",
		"OPIS" : "budynek obecnego WDK",
		"POLOZENIE" : "bciegiennego 6",
		"DOKUMENT" : "isdp_mm\\zabytki\\a.3_1-5.pdf",
		"LINK" : " ",
		"json_ogc_wkt_crs" : "PROJCS[\"ETRS89 / Poland CS2000 zone 7\",GEOGCS[\"unnamed\",DATUM[\"unnamed\",SPHEROID[\"GRS 1980\",6378137,298.2572221010002]],PRIMEM[\"Greenwich\",0],UNIT[\"degree\",0.0174532925199433]],PROJECTION[\"Transverse_Mercator\"],PARAMETER[\"latitude_of_origin\",0],PARAMETER[\"central_meridian\",21],PARAMETER[\"scale_factor\",0.999923],PARAMETER[\"false_easting\",7500000],PARAMETER[\"false_northing\",0],UNIT[\"METER\",1]]",
		"json_geometry" : {
			"type" : "Point",
			"coordinates" : [ 7473744.55, 5636505.43 ]
		}
	},
	{
		"json_featuretype" : "gp_rej_zab_point",
		"FID" : 66,
		"ID" : 68,
		"NAZWA" : "zesp_m dawnego Domu Wychowania Fizycznego i Przysposobienia Obronnego im. J",
		"NR_REJ_ZAB" : "3/1 z 29.07.2003",
		"NR_REJ_ZA0" : "A.3/1-5",
		"OPIS" : "najbli5szy teren otaczajocy budynek wraz z dziedziocem wewn trznym oraz podjazdem i trawnikami od strony Pl. Marsza",
		"POLOZENIE" : "nciegiennego 6",
		"DOKUMENT" : "isdp_mm\\zabytki\\a.3_1-5.pdf",
		"LINK" : " ",
		"json_ogc_wkt_crs" : "PROJCS[\"ETRS89 / Poland CS2000 zone 7\",GEOGCS[\"unnamed\",DATUM[\"unnamed\",SPHEROID[\"GRS 1980\",6378137,298.2572221010002]],PRIMEM[\"Greenwich\",0],UNIT[\"degree\",0.0174532925199433]],PROJECTION[\"Transverse_Mercator\"],PARAMETER[\"latitude_of_origin\",0],PARAMETER[\"central_meridian\",21],PARAMETER[\"scale_factor\",0.999923],PARAMETER[\"false_easting\",7500000],PARAMETER[\"false_northing\",0],UNIT[\"METER\",1]]",
		"json_geometry" : {
			"type" : "Point",
			"coordinates" : [ 7473744.36, 5636518.64 ]
		}
	},
	{
		"json_featuretype" : "gp_rej_zab_point",
		"FID" : 67,
		"ID" : 69,
		"NAZWA" : "zesp_m dawnego Domu Wychowania Fizycznego i Przysposobienia Obronnego im. Jjzefa Pi sudskiego",
		"NR_REJ_ZAB" : "3/2 z 29.07.2003",
		"NR_REJ_ZA0" : "A.3/1-5",
		"OPIS" : "grunt trwale zwi",
		"POLOZENIE" : "gciegiennego 6",
		"DOKUMENT" : "isdp_mm\\zabytki\\a.3_1-5.pdf",
		"LINK" : " ",
		"json_ogc_wkt_crs" : "PROJCS[\"ETRS89 / Poland CS2000 zone 7\",GEOGCS[\"unnamed\",DATUM[\"unnamed\",SPHEROID[\"GRS 1980\",6378137,298.2572221010002]],PRIMEM[\"Greenwich\",0],UNIT[\"degree\",0.0174532925199433]],PROJECTION[\"Transverse_Mercator\"],PARAMETER[\"latitude_of_origin\",0],PARAMETER[\"central_meridian\",21],PARAMETER[\"scale_factor\",0.999923],PARAMETER[\"false_easting\",7500000],PARAMETER[\"false_northing\",0],UNIT[\"METER\",1]]",
		"json_geometry" : {
			"type" : "Point",
			"coordinates" : [ 7473737.1, 5636487.86 ]
		}
	},
	{
		"json_featuretype" : "gp_rej_zab_point",
		"FID" : 68,
		"ID" : 70,
		"NAZWA" : "zesp_m dworku Laszczyk5w",
		"NR_REJ_ZAB" : "872 z 16.10.1961 oraz 258 z 23.06.1967",
		"NR_REJ_ZA0" : "A.342",
		"OPIS" : "dworek",
		"POLOZENIE" : "Jana Paw.a II 6",
		"DOKUMENT" : "isdp_mm\\zabytki\\a.342.pdf",
		"LINK" : " ",
		"json_ogc_wkt_crs" : "PROJCS[\"ETRS89 / Poland CS2000 zone 7\",GEOGCS[\"unnamed\",DATUM[\"unnamed\",SPHEROID[\"GRS 1980\",6378137,298.2572221010002]],PRIMEM[\"Greenwich\",0],UNIT[\"degree\",0.0174532925199433]],PROJECTION[\"Transverse_Mercator\"],PARAMETER[\"latitude_of_origin\",0],PARAMETER[\"central_meridian\",21],PARAMETER[\"scale_factor\",0.999923],PARAMETER[\"false_easting\",7500000],PARAMETER[\"false_northing\",0],UNIT[\"METER\",1]]",
		"json_geometry" : {
			"type" : "Point",
			"coordinates" : [ 7473867.02, 5637011.52 ]
		}
	},
	{
		"json_featuretype" : "gp_rej_zab_point",
		"FID" : 69,
		"ID" : 71,
		"NAZWA" : "zesp_m dworku Laszczykpw",
		"NR_REJ_ZAB" : "872 z 16.10.1961 oraz 258 z 23.06.1967",
		"NR_REJ_ZA0" : "A.342",
		"OPIS" : "ogrodzenie",
		"POLOZENIE" : "Jana Pawia II 6",
		"DOKUMENT" : "isdp_mm\\zabytki\\a.342.pdf",
		"LINK" : " ",
		"json_ogc_wkt_crs" : "PROJCS[\"ETRS89 / Poland CS2000 zone 7\",GEOGCS[\"unnamed\",DATUM[\"unnamed\",SPHEROID[\"GRS 1980\",6378137,298.2572221010002]],PRIMEM[\"Greenwich\",0],UNIT[\"degree\",0.0174532925199433]],PROJECTION[\"Transverse_Mercator\"],PARAMETER[\"latitude_of_origin\",0],PARAMETER[\"central_meridian\",21],PARAMETER[\"scale_factor\",0.999923],PARAMETER[\"false_easting\",7500000],PARAMETER[\"false_northing\",0],UNIT[\"METER\",1]]",
		"json_geometry" : {
			"type" : "Point",
			"coordinates" : [ 7473886.11, 5637015.65 ]
		}
	},
	{
		"json_featuretype" : "gp_rej_zab_point",
		"FID" : 70,
		"ID" : 72,
		"NAZWA" : "zesp_m katedry pw. Wniebowzi2cia NMP",
		"NR_REJ_ZAB" : "89 z 27.06.1932 oraz 255 z 15.02.1967",
		"NR_REJ_ZA0" : "A.322/1-3",
		"OPIS" : "dzwonnica",
		"POLOZENIE" : " ",
		"DOKUMENT" : "isdp_mm\\zabytki\\a.322_1-3.pdf",
		"LINK" : " ",
		"json_ogc_wkt_crs" : "PROJCS[\"ETRS89 / Poland CS2000 zone 7\",GEOGCS[\"unnamed\",DATUM[\"unnamed\",SPHEROID[\"GRS 1980\",6378137,298.2572221010002]],PRIMEM[\"Greenwich\",0],UNIT[\"degree\",0.0174532925199433]],PROJECTION[\"Transverse_Mercator\"],PARAMETER[\"latitude_of_origin\",0],PARAMETER[\"central_meridian\",21],PARAMETER[\"scale_factor\",0.999923],PARAMETER[\"false_easting\",7500000],PARAMETER[\"false_northing\",0],UNIT[\"METER\",1]]",
		"json_geometry" : {
			"type" : "Point",
			"coordinates" : [ 7473901.14, 5637163.68 ]
		}
	},
	{
		"json_featuretype" : "gp_rej_zab_point",
		"FID" : 71,
		"ID" : 73,
		"NAZWA" : "zesp_m katedry pw. Wniebowzifcia NMP",
		"NR_REJ_ZAB" : "255 z 15.02.1967",
		"NR_REJ_ZA0" : "A.322/1-3",
		"OPIS" : "kaplica ogr.jcowa",
		"POLOZENIE" : " ",
		"DOKUMENT" : "isdp_mm\\zabytki\\a.322_1-3.pdf",
		"LINK" : " ",
		"json_ogc_wkt_crs" : "PROJCS[\"ETRS89 / Poland CS2000 zone 7\",GEOGCS[\"unnamed\",DATUM[\"unnamed\",SPHEROID[\"GRS 1980\",6378137,298.2572221010002]],PRIMEM[\"Greenwich\",0],UNIT[\"degree\",0.0174532925199433]],PROJECTION[\"Transverse_Mercator\"],PARAMETER[\"latitude_of_origin\",0],PARAMETER[\"central_meridian\",21],PARAMETER[\"scale_factor\",0.999923],PARAMETER[\"false_easting\",7500000],PARAMETER[\"false_northing\",0],UNIT[\"METER\",1]]",
		"json_geometry" : {
			"type" : "Point",
			"coordinates" : [ 7473871.6, 5637160.25 ]
		}
	},
	{
		"json_featuretype" : "gp_rej_zab_point",
		"FID" : 72,
		"ID" : 74,
		"NAZWA" : "zesp_m katedry pw. Wniebowzifcia NMP",
		"NR_REJ_ZAB" : "89 z 27.06.1932 oraz 255 z 15.02.1967",
		"NR_REJ_ZA0" : "A.322/1-3",
		"OPIS" : "katedra",
		"POLOZENIE" : " ",
		"DOKUMENT" : "isdp_mm\\zabytki\\a.322_1-3.pdf",
		"LINK" : " ",
		"json_ogc_wkt_crs" : "PROJCS[\"ETRS89 / Poland CS2000 zone 7\",GEOGCS[\"unnamed\",DATUM[\"unnamed\",SPHEROID[\"GRS 1980\",6378137,298.2572221010002]],PRIMEM[\"Greenwich\",0],UNIT[\"degree\",0.0174532925199433]],PROJECTION[\"Transverse_Mercator\"],PARAMETER[\"latitude_of_origin\",0],PARAMETER[\"central_meridian\",21],PARAMETER[\"scale_factor\",0.999923],PARAMETER[\"false_easting\",7500000],PARAMETER[\"false_northing\",0],UNIT[\"METER\",1]]",
		"json_geometry" : {
			"type" : "Point",
			"coordinates" : [ 7473877.75, 5637129.36 ]
		}
	},
	{
		"json_featuretype" : "gp_rej_zab_point",
		"FID" : 73,
		"ID" : 75,
		"NAZWA" : "Kodcimm Ewangelicki p.w. .p. Piotra i Paw a",
		"NR_REJ_ZAB" : "875 z 15.07.1976",
		"NR_REJ_ZA0" : "A.327",
		"OPIS" : "ko3ci",
		"POLOZENIE" : "Sienkiewicza 1",
		"DOKUMENT" : "isdp_mm\\zabytki\\a.327.pdf",
		"LINK" : " ",
		"json_ogc_wkt_crs" : "PROJCS[\"ETRS89 / Poland CS2000 zone 7\",GEOGCS[\"unnamed\",DATUM[\"unnamed\",SPHEROID[\"GRS 1980\",6378137,298.2572221010002]],PRIMEM[\"Greenwich\",0],UNIT[\"degree\",0.0174532925199433]],PROJECTION[\"Transverse_Mercator\"],PARAMETER[\"latitude_of_origin\",0],PARAMETER[\"central_meridian\",21],PARAMETER[\"scale_factor\",0.999923],PARAMETER[\"false_easting\",7500000],PARAMETER[\"false_northing\",0],UNIT[\"METER\",1]]",
		"json_geometry" : {
			"type" : "Point",
			"coordinates" : [ 7474309.43, 5637105.82 ]
		}
	},
	{
		"json_featuretype" : "gp_rej_zab_point",
		"FID" : 74,
		"ID" : 76,
		"NAZWA" : "Kodcimm parafialny p.w. PodwyPszenia Krzy a",
		"NR_REJ_ZAB" : "876 z 15.07.1976",
		"NR_REJ_ZA0" : "A.323",
		"OPIS" : "Ko3ci",
		"POLOZENIE" : "1-go Maja",
		"DOKUMENT" : "isdp_mm\\zabytki\\a.323.pdf",
		"LINK" : " ",
		"json_ogc_wkt_crs" : "PROJCS[\"ETRS89 / Poland CS2000 zone 7\",GEOGCS[\"unnamed\",DATUM[\"unnamed\",SPHEROID[\"GRS 1980\",6378137,298.2572221010002]],PRIMEM[\"Greenwich\",0],UNIT[\"degree\",0.0174532925199433]],PROJECTION[\"Transverse_Mercator\"],PARAMETER[\"latitude_of_origin\",0],PARAMETER[\"central_meridian\",21],PARAMETER[\"scale_factor\",0.999923],PARAMETER[\"false_easting\",7500000],PARAMETER[\"false_northing\",0],UNIT[\"METER\",1]]",
		"json_geometry" : {
			"type" : "Point",
			"coordinates" : [ 7473459.1, 5638022.42 ]
		}
	},
	{
		"json_featuretype" : "gp_rej_zab_point",
		"FID" : 75,
		"ID" : 77,
		"NAZWA" : "zesp_m koacioka par. pw. ",
		"NR_REJ_ZAB" : "88 z 22.10.1932 oraz 259 z 15.02.1967",
		"NR_REJ_ZA0" : "A.325/1-5",
		"OPIS" : "ko3ci/1",
		"POLOZENIE" : " ",
		"DOKUMENT" : "isdp_mm\\zabytki\\a.325_1-5.pdf",
		"LINK" : " ",
		"json_ogc_wkt_crs" : "PROJCS[\"ETRS89 / Poland CS2000 zone 7\",GEOGCS[\"unnamed\",DATUM[\"unnamed\",SPHEROID[\"GRS 1980\",6378137,298.2572221010002]],PRIMEM[\"Greenwich\",0],UNIT[\"degree\",0.0174532925199433]],PROJECTION[\"Transverse_Mercator\"],PARAMETER[\"latitude_of_origin\",0],PARAMETER[\"central_meridian\",21],PARAMETER[\"scale_factor\",0.999923],PARAMETER[\"false_easting\",7500000],PARAMETER[\"false_northing\",0],UNIT[\"METER\",1]]",
		"json_geometry" : {
			"type" : "Point",
			"coordinates" : [ 7474385.28, 5637594.86 ]
		}
	},
	{
		"json_featuretype" : "gp_rej_zab_point",
		"FID" : 76,
		"ID" : 78,
		"NAZWA" : "zesp_m koacioka par. pw. .w. Wojciecha",
		"NR_REJ_ZAB" : "325 z 03.12.1956 oraz 1179/1-4 z 21.02.1994",
		"NR_REJ_ZA0" : "A.325/1-5",
		"OPIS" : "dworek",
		"POLOZENIE" : "Bodzenty5ska 29",
		"DOKUMENT" : "isdp_mm\\zabytki\\a.325_1-5.pdf",
		"LINK" : " ",
		"json_ogc_wkt_crs" : "PROJCS[\"ETRS89 / Poland CS2000 zone 7\",GEOGCS[\"unnamed\",DATUM[\"unnamed\",SPHEROID[\"GRS 1980\",6378137,298.2572221010002]],PRIMEM[\"Greenwich\",0],UNIT[\"degree\",0.0174532925199433]],PROJECTION[\"Transverse_Mercator\"],PARAMETER[\"latitude_of_origin\",0],PARAMETER[\"central_meridian\",21],PARAMETER[\"scale_factor\",0.999923],PARAMETER[\"false_easting\",7500000],PARAMETER[\"false_northing\",0],UNIT[\"METER\",1]]",
		"json_geometry" : {
			"type" : "Point",
			"coordinates" : [ 7474445.98, 5637515.98 ]
		}
	},
	{
		"json_featuretype" : "gp_rej_zab_point",
		"FID" : 77,
		"ID" : 79,
		"NAZWA" : "zesp_m koacioka par. pw. .w. Wojciecha",
		"NR_REJ_ZAB" : "1179/1-4 z 21.02.1994",
		"NR_REJ_ZA0" : "A.325/1-5",
		"OPIS" : "plebania",
		"POLOZENIE" : "pl. aw. Wojciecha",
		"DOKUMENT" : "isdp_mm\\zabytki\\a.325_1-5.pdf",
		"LINK" : " ",
		"json_ogc_wkt_crs" : "PROJCS[\"ETRS89 / Poland CS2000 zone 7\",GEOGCS[\"unnamed\",DATUM[\"unnamed\",SPHEROID[\"GRS 1980\",6378137,298.2572221010002]],PRIMEM[\"Greenwich\",0],UNIT[\"degree\",0.0174532925199433]],PROJECTION[\"Transverse_Mercator\"],PARAMETER[\"latitude_of_origin\",0],PARAMETER[\"central_meridian\",21],PARAMETER[\"scale_factor\",0.999923],PARAMETER[\"false_easting\",7500000],PARAMETER[\"false_northing\",0],UNIT[\"METER\",1]]",
		"json_geometry" : {
			"type" : "Point",
			"coordinates" : [ 7474392.22, 5637543.38 ]
		}
	},
	{
		"json_featuretype" : "gp_rej_zab_point",
		"FID" : 78,
		"ID" : 80,
		"NAZWA" : "zesp_m koacioka par. pw. .w. Wojciecha",
		"NR_REJ_ZAB" : "1179/1-4 z 21.02.1994",
		"NR_REJ_ZA0" : "A.325/1-5",
		"OPIS" : "cmentarz przyko2cielny z ogrodzeniem",
		"POLOZENIE" : " ",
		"DOKUMENT" : "isdp_mm\\zabytki\\a.325_1-5.pdf",
		"LINK" : " ",
		"json_ogc_wkt_crs" : "PROJCS[\"ETRS89 / Poland CS2000 zone 7\",GEOGCS[\"unnamed\",DATUM[\"unnamed\",SPHEROID[\"GRS 1980\",6378137,298.2572221010002]],PRIMEM[\"Greenwich\",0],UNIT[\"degree\",0.0174532925199433]],PROJECTION[\"Transverse_Mercator\"],PARAMETER[\"latitude_of_origin\",0],PARAMETER[\"central_meridian\",21],PARAMETER[\"scale_factor\",0.999923],PARAMETER[\"false_easting\",7500000],PARAMETER[\"false_northing\",0],UNIT[\"METER\",1]]",
		"json_geometry" : {
			"type" : "Point",
			"coordinates" : [ 7474355.5, 5637583.37 ]
		}
	},
	{
		"json_featuretype" : "gp_rej_zab_point",
		"FID" : 79,
		"ID" : 81,
		"NAZWA" : "zesp_m koacioka par. pw. .w. Wojciecha",
		"NR_REJ_ZAB" : "1179/1-4 z 21.02.1994",
		"NR_REJ_ZA0" : "A.325/1-5",
		"OPIS" : "- teren mi dzy budynkiem plebanii i dworkiem przy ul. Bodzentyrskiej 29",
		"POLOZENIE" : " ",
		"DOKUMENT" : "isdp_mm\\zabytki\\a.325_1-5.pdf",
		"LINK" : " ",
		"json_ogc_wkt_crs" : "PROJCS[\"ETRS89 / Poland CS2000 zone 7\",GEOGCS[\"unnamed\",DATUM[\"unnamed\",SPHEROID[\"GRS 1980\",6378137,298.2572221010002]],PRIMEM[\"Greenwich\",0],UNIT[\"degree\",0.0174532925199433]],PROJECTION[\"Transverse_Mercator\"],PARAMETER[\"latitude_of_origin\",0],PARAMETER[\"central_meridian\",21],PARAMETER[\"scale_factor\",0.999923],PARAMETER[\"false_easting\",7500000],PARAMETER[\"false_northing\",0],UNIT[\"METER\",1]]",
		"json_geometry" : {
			"type" : "Point",
			"coordinates" : [ 7474416.69, 5637534.64 ]
		}
	},
	{
		"json_featuretype" : "gp_rej_zab_point",
		"FID" : 80,
		"ID" : 82,
		"NAZWA" : "zesp_m paaacu biskupiego",
		"NR_REJ_ZAB" : "1 z 28.01.1965",
		"NR_REJ_ZA0" : "A.336/1-4",
		"OPIS" : "baszta prochowa z obwarowaniem",
		"POLOZENIE" : " ",
		"DOKUMENT" : "isdp_mm\\zabytki\\a.336_1-4.pdf",
		"LINK" : " ",
		"json_ogc_wkt_crs" : "PROJCS[\"ETRS89 / Poland CS2000 zone 7\",GEOGCS[\"unnamed\",DATUM[\"unnamed\",SPHEROID[\"GRS 1980\",6378137,298.2572221010002]],PRIMEM[\"Greenwich\",0],UNIT[\"degree\",0.0174532925199433]],PROJECTION[\"Transverse_Mercator\"],PARAMETER[\"latitude_of_origin\",0],PARAMETER[\"central_meridian\",21],PARAMETER[\"scale_factor\",0.999923],PARAMETER[\"false_easting\",7500000],PARAMETER[\"false_northing\",0],UNIT[\"METER\",1]]",
		"json_geometry" : {
			"type" : "Point",
			"coordinates" : [ 7473664.51, 5637171.58 ]
		}
	},
	{
		"json_featuretype" : "gp_rej_zab_point",
		"FID" : 81,
		"ID" : 83,
		"NAZWA" : "zesp_m paaacu biskupiego",
		"NR_REJ_ZAB" : "1 z 28.01.1965",
		"NR_REJ_ZA0" : "A.336/1-4",
		"OPIS" : "ogr3d",
		"POLOZENIE" : "pl. Zamkowy 1",
		"DOKUMENT" : "isdp_mm\\zabytki\\a.336_1-4.pdf",
		"LINK" : " ",
		"json_ogc_wkt_crs" : "PROJCS[\"ETRS89 / Poland CS2000 zone 7\",GEOGCS[\"unnamed\",DATUM[\"unnamed\",SPHEROID[\"GRS 1980\",6378137,298.2572221010002]],PRIMEM[\"Greenwich\",0],UNIT[\"degree\",0.0174532925199433]],PROJECTION[\"Transverse_Mercator\"],PARAMETER[\"latitude_of_origin\",0],PARAMETER[\"central_meridian\",21],PARAMETER[\"scale_factor\",0.999923],PARAMETER[\"false_easting\",7500000],PARAMETER[\"false_northing\",0],UNIT[\"METER\",1]]",
		"json_geometry" : {
			"type" : "Point",
			"coordinates" : [ 7473741.41, 5637158.63 ]
		}
	},
	{
		"json_featuretype" : "gp_rej_zab_point",
		"FID" : 82,
		"ID" : 84,
		"NAZWA" : "zesp_m paaacu biskupiego",
		"NR_REJ_ZAB" : "86 z 02.10.1932 oraz 1 z 28.01.1965",
		"NR_REJ_ZA0" : "A.336/1-4",
		"OPIS" : "korpus g4",
		"POLOZENIE" : "pl. Zamkowy 1",
		"DOKUMENT" : "isdp_mm\\zabytki\\a.336_1-4.pdf",
		"LINK" : " ",
		"json_ogc_wkt_crs" : "PROJCS[\"ETRS89 / Poland CS2000 zone 7\",GEOGCS[\"unnamed\",DATUM[\"unnamed\",SPHEROID[\"GRS 1980\",6378137,298.2572221010002]],PRIMEM[\"Greenwich\",0],UNIT[\"degree\",0.0174532925199433]],PROJECTION[\"Transverse_Mercator\"],PARAMETER[\"latitude_of_origin\",0],PARAMETER[\"central_meridian\",21],PARAMETER[\"scale_factor\",0.999923],PARAMETER[\"false_easting\",7500000],PARAMETER[\"false_northing\",0],UNIT[\"METER\",1]]",
		"json_geometry" : {
			"type" : "Point",
			"coordinates" : [ 7473774.43, 5637152.16 ]
		}
	},
	{
		"json_featuretype" : "gp_rej_zab_point",
		"FID" : 83,
		"ID" : 85,
		"NAZWA" : "zesp_m paaacyku Zieli_skich",
		"NR_REJ_ZAB" : "531 z 03.01.1970",
		"NR_REJ_ZA0" : "A.397/1-3",
		"OPIS" : "ogr9d otoczony murem (brama wjazdowa, mur z baszt  \"Plotkarkt\", oged)",
		"POLOZENIE" : "Zamkowa 5",
		"DOKUMENT" : "isdp_mm\\zabytki\\a.397_1-3.pdf",
		"LINK" : " ",
		"json_ogc_wkt_crs" : "PROJCS[\"ETRS89 / Poland CS2000 zone 7\",GEOGCS[\"unnamed\",DATUM[\"unnamed\",SPHEROID[\"GRS 1980\",6378137,298.2572221010002]],PRIMEM[\"Greenwich\",0],UNIT[\"degree\",0.0174532925199433]],PROJECTION[\"Transverse_Mercator\"],PARAMETER[\"latitude_of_origin\",0],PARAMETER[\"central_meridian\",21],PARAMETER[\"scale_factor\",0.999923],PARAMETER[\"false_easting\",7500000],PARAMETER[\"false_northing\",0],UNIT[\"METER\",1]]",
		"json_geometry" : {
			"type" : "Point",
			"coordinates" : [ 7473668.56, 5637005.98 ]
		}
	},
	{
		"json_featuretype" : "gp_rej_zab_point",
		"FID" : 84,
		"ID" : 86,
		"NAZWA" : "Padacyk Hoenigmanna",
		"NR_REJ_ZAB" : "743 z 09.04.1972",
		"NR_REJ_ZA0" : "A.345",
		"OPIS" : "pa3acyk",
		"POLOZENIE" : "Ko3ciuszki 6",
		"DOKUMENT" : "isdp_mm\\zabytki\\a.345.pdf",
		"LINK" : " ",
		"json_ogc_wkt_crs" : "PROJCS[\"ETRS89 / Poland CS2000 zone 7\",GEOGCS[\"unnamed\",DATUM[\"unnamed\",SPHEROID[\"GRS 1980\",6378137,298.2572221010002]],PRIMEM[\"Greenwich\",0],UNIT[\"degree\",0.0174532925199433]],PROJECTION[\"Transverse_Mercator\"],PARAMETER[\"latitude_of_origin\",0],PARAMETER[\"central_meridian\",21],PARAMETER[\"scale_factor\",0.999923],PARAMETER[\"false_easting\",7500000],PARAMETER[\"false_northing\",0],UNIT[\"METER\",1]]",
		"json_geometry" : {
			"type" : "Point",
			"coordinates" : [ 7474411.62, 5637214.21 ]
		}
	},
	{
		"json_featuretype" : "gp_rej_zab_point",
		"FID" : 85,
		"ID" : 87,
		"NAZWA" : "zesp_m paaacyku Zieli.skich",
		"NR_REJ_ZAB" : "531 z 03.01.1970",
		"NR_REJ_ZA0" : "A.397/1-3",
		"OPIS" : "pa3acyk",
		"POLOZENIE" : "Zamkowa 5",
		"DOKUMENT" : "isdp_mm\\zabytki\\a.397_1-3.pdf",
		"LINK" : " ",
		"json_ogc_wkt_crs" : "PROJCS[\"ETRS89 / Poland CS2000 zone 7\",GEOGCS[\"unnamed\",DATUM[\"unnamed\",SPHEROID[\"GRS 1980\",6378137,298.2572221010002]],PRIMEM[\"Greenwich\",0],UNIT[\"degree\",0.0174532925199433]],PROJECTION[\"Transverse_Mercator\"],PARAMETER[\"latitude_of_origin\",0],PARAMETER[\"central_meridian\",21],PARAMETER[\"scale_factor\",0.999923],PARAMETER[\"false_easting\",7500000],PARAMETER[\"false_northing\",0],UNIT[\"METER\",1]]",
		"json_geometry" : {
			"type" : "Point",
			"coordinates" : [ 7473667.86, 5637052.35 ]
		}
	},
	{
		"json_featuretype" : "gp_rej_zab_point",
		"FID" : 86,
		"ID" : 88,
		"NAZWA" : "Park miejski z ogrodzeniem",
		"NR_REJ_ZAB" : "639 z 17.12.1957 oraz 660 z 15.02.1972",
		"NR_REJ_ZA0" : "A.335",
		"OPIS" : "Park miejski z ogrodzeniem",
		"POLOZENIE" : " ",
		"DOKUMENT" : "isdp_mm\\zabytki\\a.335.pdf",
		"LINK" : " ",
		"json_ogc_wkt_crs" : "PROJCS[\"ETRS89 / Poland CS2000 zone 7\",GEOGCS[\"unnamed\",DATUM[\"unnamed\",SPHEROID[\"GRS 1980\",6378137,298.2572221010002]],PRIMEM[\"Greenwich\",0],UNIT[\"degree\",0.0174532925199433]],PROJECTION[\"Transverse_Mercator\"],PARAMETER[\"latitude_of_origin\",0],PARAMETER[\"central_meridian\",21],PARAMETER[\"scale_factor\",0.999923],PARAMETER[\"false_easting\",7500000],PARAMETER[\"false_northing\",0],UNIT[\"METER\",1]]",
		"json_geometry" : {
			"type" : "Point",
			"coordinates" : [ 7473740.06, 5636926.11 ]
		}
	},
	{
		"json_featuretype" : "gp_rej_zab_point",
		"FID" : 87,
		"ID" : 89,
		"NAZWA" : "Poczta",
		"NR_REJ_ZAB" : "577 z 06.09.1971",
		"NR_REJ_ZA0" : "A.371",
		"OPIS" : "poczta",
		"POLOZENIE" : "Sienkiewicza 7",
		"DOKUMENT" : "isdp_mm\\zabytki\\a.371.pdf",
		"LINK" : " ",
		"json_ogc_wkt_crs" : "PROJCS[\"ETRS89 / Poland CS2000 zone 7\",GEOGCS[\"unnamed\",DATUM[\"unnamed\",SPHEROID[\"GRS 1980\",6378137,298.2572221010002]],PRIMEM[\"Greenwich\",0],UNIT[\"degree\",0.0174532925199433]],PROJECTION[\"Transverse_Mercator\"],PARAMETER[\"latitude_of_origin\",0],PARAMETER[\"central_meridian\",21],PARAMETER[\"scale_factor\",0.999923],PARAMETER[\"false_easting\",7500000],PARAMETER[\"false_northing\",0],UNIT[\"METER\",1]]",
		"json_geometry" : {
			"type" : "Point",
			"coordinates" : [ 7474212.52, 5637170.42 ]
		}
	},
	{
		"json_featuretype" : "gp_rej_zab_point",
		"FID" : 88,
		"ID" : 90,
		"NAZWA" : "Kodcimm seminarium duchownego p.w. 9w. Tr jcy",
		"NR_REJ_ZAB" : "87 z 02.10.1932 oraz 256 z 15.02.1967",
		"NR_REJ_ZA0" : "A.324",
		"OPIS" : "Ko3ci",
		"POLOZENIE" : "Jana Pawpa II 7",
		"DOKUMENT" : "isdp_mm\\zabytki\\a.324.pdf",
		"LINK" : " ",
		"json_ogc_wkt_crs" : "PROJCS[\"ETRS89 / Poland CS2000 zone 7\",GEOGCS[\"unnamed\",DATUM[\"unnamed\",SPHEROID[\"GRS 1980\",6378137,298.2572221010002]],PRIMEM[\"Greenwich\",0],UNIT[\"degree\",0.0174532925199433]],PROJECTION[\"Transverse_Mercator\"],PARAMETER[\"latitude_of_origin\",0],PARAMETER[\"central_meridian\",21],PARAMETER[\"scale_factor\",0.999923],PARAMETER[\"false_easting\",7500000],PARAMETER[\"false_northing\",0],UNIT[\"METER\",1]]",
		"json_geometry" : {
			"type" : "Point",
			"coordinates" : [ 7473922.85, 5636977.87 ]
		}
	},
	{
		"json_featuretype" : "gp_rej_zab_point",
		"FID" : 89,
		"ID" : 91,
		"NAZWA" : "Dwa budynki seminarium ob. Wy.szego Seminarium Duchownego",
		"NR_REJ_ZAB" : "12/1-2 z 27.12.2007",
		"NR_REJ_ZA0" : "A.12/1-2",
		"OPIS" : "skrzyd-o po.udniowe",
		"POLOZENIE" : "Wesoya 60",
		"DOKUMENT" : "isdp_mm\\zabytki\\a.12_1-2.pdf",
		"LINK" : " ",
		"json_ogc_wkt_crs" : "PROJCS[\"ETRS89 / Poland CS2000 zone 7\",GEOGCS[\"unnamed\",DATUM[\"unnamed\",SPHEROID[\"GRS 1980\",6378137,298.2572221010002]],PRIMEM[\"Greenwich\",0],UNIT[\"degree\",0.0174532925199433]],PROJECTION[\"Transverse_Mercator\"],PARAMETER[\"latitude_of_origin\",0],PARAMETER[\"central_meridian\",21],PARAMETER[\"scale_factor\",0.999923],PARAMETER[\"false_easting\",7500000],PARAMETER[\"false_northing\",0],UNIT[\"METER\",1]]",
		"json_geometry" : {
			"type" : "Point",
			"coordinates" : [ 7473971.44, 5636902.8 ]
		}
	},
	{
		"json_featuretype" : "gp_rej_zab_point",
		"FID" : 90,
		"ID" : 92,
		"NAZWA" : "Dwa budynki seminarium ob. Wy.szego Seminarium Duchownego",
		"NR_REJ_ZAB" : "12/1-2 z 27.12.2007",
		"NR_REJ_ZA0" : "A.12/1-2",
		"OPIS" : "skrzyd-o zachodnie",
		"POLOZENIE" : "Jana Paw a II 7",
		"DOKUMENT" : "isdp_mm\\zabytki\\a.12_1-2.pdf",
		"LINK" : " ",
		"json_ogc_wkt_crs" : "PROJCS[\"ETRS89 / Poland CS2000 zone 7\",GEOGCS[\"unnamed\",DATUM[\"unnamed\",SPHEROID[\"GRS 1980\",6378137,298.2572221010002]],PRIMEM[\"Greenwich\",0],UNIT[\"degree\",0.0174532925199433]],PROJECTION[\"Transverse_Mercator\"],PARAMETER[\"latitude_of_origin\",0],PARAMETER[\"central_meridian\",21],PARAMETER[\"scale_factor\",0.999923],PARAMETER[\"false_easting\",7500000],PARAMETER[\"false_northing\",0],UNIT[\"METER\",1]]",
		"json_geometry" : {
			"type" : "Point",
			"coordinates" : [ 7473915.35, 5636933.77 ]
		}
	}
]